alias_term,vendor,n_candidates,curation_tier,roadmap_crosscheck,candidate_pe_bli,candidate_title,org,account,account_title,fy2026_total_thousands,fy2025_total_thousands,fy2024_actuals_thousands,program_page,lobbying_mentions_today,mention_evidence_kinds,seeded_alias_today,resolves_today,auto_pick_would_be,seed_conflict,pick,curator_notes
Patriot,RTX,2,ambiguous,matches ROADMAP,0962C50700,Patriot Mods,A,2032A,"Missile Procurement, Army",757800,,262447,/program/0962C50700/,0,,none,nothing — no curated alias; a lone title token has not been evidence since #52,,,ambiguous,"ambiguous — see docs/curation/roadmap-55-ratification.md. Both candidates are derivative lines (""Patriot Mods"", ""Patriot Product Improvement""); the corpus holds no base Patriot system line, and the largest Patriot-family line (8260C53101 ""MSE Missile"", FY2026 $1.312B) is titled neither."
Patriot,RTX,2,ambiguous,matches ROADMAP,0607865A,Patriot Product Improvement,A,2040A,"Research, Development, Test and Evaluation, Army",198763,168458,170729,/program/0607865A/,0,,none,nothing — no curated alias; a lone title token has not been evidence since #52,,,ambiguous,ambiguous — see docs/curation/roadmap-55-ratification.md. Both candidates are derivative lines; no base Patriot system line exists in the corpus.
AMRAAM,RTX,3,ambiguous,matches ROADMAP,MAMRA0,AMRAAM,F,,,665125,,540741,/program/MAMRA0/,0,,none,nothing — no curated alias; a lone title token has not been evidence since #52,,,ambiguous,"ambiguous — see docs/curation/roadmap-55-ratification.md. One joint program on three lines: MAMRA0 (Missile Procurement, AF, FY2026 $665.1M), 0207163F (AF RDT&E, $51.2M), 0207163N (Navy RDT&E, $26.3M). All three are AMRAAM; none is subordinate."
AMRAAM,RTX,3,ambiguous,matches ROADMAP,0207163F,Advanced Medium Range Air-to-Air Missile (AMRAAM),F,3600F,"Research, Development, Test and Evaluation, Air Force",51242,53593,51976,/program/0207163F/,0,,none,nothing — no curated alias; a lone title token has not been evidence since #52,,,ambiguous,ambiguous — see docs/curation/roadmap-55-ratification.md. AF development share of the joint AMRAAM program; not subordinate to the procurement line.
AMRAAM,RTX,3,ambiguous,matches ROADMAP,0207163N,Advanced Medium Range Air-to-Air Missile (AMRAAM),N,1319N,"Research, Development, Test and Evaluation, Navy",26286,29638,28837,/program/0207163N/,0,,none,nothing — no curated alias; a lone title token has not been evidence since #52,,,ambiguous,ambiguous — see docs/curation/roadmap-55-ratification.md. Navy development share of the joint AMRAAM program; not subordinate to the procurement line.
ESSM,RTX,8,ambiguous,matches ROADMAP,0603288D8Z,Analytic Assessments,OSD,0400D,"Research, Development, Test and Evaluation, Defense-Wide",41010,27897,31096,/program/0603288D8Z/,0,,none,nothing — no curated alias; a lone title token has not been evidence since #52,,,n,"n — DROP (no alias for this term) — All 8 candidates are substring hits inside ""assessment""/""assessments"". The Evolved Sea Sparrow Missile has no line in the corpus (searched SEA SPARROW, SPARROW, ESSM: zero hits). Nothing to alias."
ESSM,RTX,8,ambiguous,matches ROADMAP,0604826J,"Joint C5 Capability Development, Integration and interoperability Assessments",TJS,0400D,"Research, Development, Test and Evaluation, Defense-Wide",25889,29706,18991,/program/0604826J/,0,,none,nothing — no curated alias; a lone title token has not been evidence since #52,,,n,"n — DROP (no alias for this term) — All 8 candidates are substring hits inside ""assessment""/""assessments"". The Evolved Sea Sparrow Missile has no line in the corpus (searched SEA SPARROW, SPARROW, ESSM: zero hits). Nothing to alias."
ESSM,RTX,8,ambiguous,matches ROADMAP,0603176C,Advanced Concepts and Performance Assessment,MDA,0400D,"Research, Development, Test and Evaluation, Defense-Wide",21625,17920,29019,/program/0603176C/,0,,none,nothing — no curated alias; a lone title token has not been evidence since #52,,,n,"n — DROP (no alias for this term) — All 8 candidates are substring hits inside ""assessment""/""assessments"". The Evolved Sea Sparrow Missile has no line in the corpus (searched SEA SPARROW, SPARROW, ESSM: zero hits). Nothing to alias."
ESSM,RTX,8,ambiguous,matches ROADMAP,0606100D8Z,Budget and Program Assessments,OSD,0400D,"Research, Development, Test and Evaluation, Defense-Wide",13084,14272,13863,/program/0606100D8Z/,0,,none,nothing — no curated alias; a lone title token has not been evidence since #52,,,n,"n — DROP (no alias for this term) — All 8 candidates are substring hits inside ""assessment""/""assessments"". The Evolved Sea Sparrow Missile has no line in the corpus (searched SEA SPARROW, SPARROW, ESSM: zero hits). Nothing to alias."
ESSM,RTX,8,ambiguous,matches ROADMAP,0606942A,Assessments and Evaluations Cyber Vulnerabilities,A,2040A,"Research, Development, Test and Evaluation, Army",6354,10105,6025,/program/0606942A/,0,,none,nothing — no curated alias; a lone title token has not been evidence since #52,,,n,"n — DROP (no alias for this term) — All 8 candidates are substring hits inside ""assessment""/""assessments"". The Evolved Sea Sparrow Missile has no line in the corpus (searched SEA SPARROW, SPARROW, ESSM: zero hits). Nothing to alias."
ESSM,RTX,8,ambiguous,matches ROADMAP,0604942D8Z,Assessments and Evaluations,OSD,0400D,"Research, Development, Test and Evaluation, Defense-Wide",1275,1503,5599,/program/0604942D8Z/,0,,none,nothing — no curated alias; a lone title token has not been evidence since #52,,,n,"n — DROP (no alias for this term) — All 8 candidates are substring hits inside ""assessment""/""assessments"". The Evolved Sea Sparrow Missile has no line in the corpus (searched SEA SPARROW, SPARROW, ESSM: zero hits). Nothing to alias."
ESSM,RTX,8,ambiguous,matches ROADMAP,0604944D8Z,"Assessments and Evaluations, DoD",OSD,,,,4253,,/program/0604944D8Z/,0,,none,nothing — no curated alias; a lone title token has not been evidence since #52,,,n,"n — DROP (no alias for this term) — All 8 candidates are substring hits inside ""assessment""/""assessments"". The Evolved Sea Sparrow Missile has no line in the corpus (searched SEA SPARROW, SPARROW, ESSM: zero hits). Nothing to alias."
ESSM,RTX,8,ambiguous,matches ROADMAP,0603176BR,Advanced Concepts and Performance Assessment,DTRA,0400D,"Research, Development, Test and Evaluation, Defense-Wide",,,7788,/program/0603176BR/,0,,none,nothing — no curated alias; a lone title token has not been evidence since #52,,,n,"n — DROP (no alias for this term) — All 8 candidates are substring hits inside ""assessment""/""assessments"". The Evolved Sea Sparrow Missile has no line in the corpus (searched SEA SPARROW, SPARROW, ESSM: zero hits). Nothing to alias."
RAM,RTX,89,unusable_too_many,matches ROADMAP,846510,Special Update Program,F,3080F,"Other Procurement, Air Force",1178397,,1042833,/program/846510/,0,,none,nothing — no curated alias; a lone title token has not been evidence since #52,,,n,"n — DROP (no alias for this term) — All 89 candidates are substring hits inside ""program""/""programs"". The Rolling Airframe Missile has no line in the corpus (searched ROLLING AIRFRAME, RIM-116: zero hits). Nothing to alias. This term is a false-positive generator, not a judgment call."
RAM,RTX,89,unusable_too_many,matches ROADMAP,0603891C,Special Programs - MDA,MDA,0400D,"Research, Development, Test and Evaluation, Defense-Wide",821430,495570,551028,/program/0603891C/,0,,none,nothing — no curated alias; a lone title token has not been evidence since #52,,,n,"n — DROP (no alias for this term) — All 89 candidates are substring hits inside ""program""/""programs"". The Rolling Airframe Missile has no line in the corpus (searched ROLLING AIRFRAME, RIM-116: zero hits). Nothing to alias. This term is a false-positive generator, not a judgment call."
RAM,RTX,89,unusable_too_many,matches ROADMAP,0203735A,Combat Vehicle Improvement Programs,A,2040A,"Research, Development, Test and Evaluation, Army",744085,326579,223719,/program/0203735A/,53,multi_token=53,none,nothing — no curated alias; a lone title token has not been evidence since #52,,,n,"n — DROP (no alias for this term) — All 89 candidates are substring hits inside ""program""/""programs"". The Rolling Airframe Missile has no line in the corpus (searched ROLLING AIRFRAME, RIM-116: zero hits). Nothing to alias. This term is a false-positive generator, not a judgment call."
RAM,RTX,89,unusable_too_many,matches ROADMAP,6500GA0750,Abrams Upgrade Program,A,,,740528,,1240323,/program/6500GA0750/,0,,none,nothing — no curated alias; a lone title token has not been evidence since #52,,,n,"n — DROP (no alias for this term) — All 89 candidates are substring hits inside ""program""/""programs"". The Rolling Airframe Missile has no line in the corpus (searched ROLLING AIRFRAME, RIM-116: zero hits). Nothing to alias. This term is a false-positive generator, not a judgment call."
RAM,RTX,89,unusable_too_many,matches ROADMAP,0603890C,BMD Enabling Programs,MDA,0400D,"Research, Development, Test and Evaluation, Defense-Wide",727039,602314,578335,/program/0603890C/,0,,none,nothing — no curated alias; a lone title token has not been evidence since #52,,,n,"n — DROP (no alias for this term) — All 89 candidates are substring hits inside ""program""/""programs"". The Rolling Airframe Missile has no line in the corpus (searched ROLLING AIRFRAME, RIM-116: zero hits). Nothing to alias. This term is a false-positive generator, not a judgment call."
RAM,RTX,89,unusable_too_many,matches ROADMAP,9700BU0500,Installation Info Infrastructure Mod Program,A,2035A,"Other Procurement, Army",439373,,243011,/program/9700BU0500/,0,,none,nothing — no curated alias; a lone title token has not been evidence since #52,,,n,"n — DROP (no alias for this term) — All 89 candidates are substring hits inside ""program""/""programs"". The Rolling Airframe Missile has no line in the corpus (searched ROLLING AIRFRAME, RIM-116: zero hits). Nothing to alias. This term is a false-positive generator, not a judgment call."
RAM,RTX,89,unusable_too_many,matches ROADMAP,0603680D8Z,Defense-Wide Manufacturing Science and Technology Program,OSD,0400D,"Research, Development, Test and Evaluation, Defense-Wide",409493,205857,457472,/program/0603680D8Z/,0,,none,nothing — no curated alias; a lone title token has not been evidence since #52,,,n,"n — DROP (no alias for this term) — All 89 candidates are substring hits inside ""program""/""programs"". The Rolling Airframe Missile has no line in the corpus (searched ROLLING AIRFRAME, RIM-116: zero hits). Nothing to alias. This term is a false-positive generator, not a judgment call."
RAM,RTX,89,unusable_too_many,matches ROADMAP,0608140D8Z,Enterprise Platforms and Capabilities - Software Pilot Program,OSD,,,402783,,,/program/0608140D8Z/,2,multi_token=2,none,nothing — no curated alias; a lone title token has not been evidence since #52,,,n,"n — DROP (no alias for this term) — All 89 candidates are substring hits inside ""program""/""programs"". The Rolling Airframe Missile has no line in the corpus (searched ROLLING AIRFRAME, RIM-116: zero hits). Nothing to alias. This term is a false-positive generator, not a judgment call."
RAM,RTX,89,unusable_too_many,matches ROADMAP,0603913C,Israeli Cooperative Programs,MDA,0400D,"Research, Development, Test and Evaluation, Defense-Wide",300000,300000,300000,/program/0603913C/,0,,none,nothing — no curated alias; a lone title token has not been evidence since #52,,,n,"n — DROP (no alias for this term) — All 89 candidates are substring hits inside ""program""/""programs"". The Rolling Airframe Missile has no line in the corpus (searched ROLLING AIRFRAME, RIM-116: zero hits). Nothing to alias. This term is a false-positive generator, not a judgment call."
RAM,RTX,89,unusable_too_many,matches ROADMAP,0604858F,Tech Transition Program,F,3600F,"Research, Development, Test and Evaluation, Air Force",298833,239342,232375,/program/0604858F/,0,,none,nothing — no curated alias; a lone title token has not been evidence since #52,,,n,"n — DROP (no alias for this term) — All 89 candidates are substring hits inside ""program""/""programs"". The Rolling Airframe Missile has no line in the corpus (searched ROLLING AIRFRAME, RIM-116: zero hits). Nothing to alias. This term is a false-positive generator, not a judgment call."
RAM,RTX,89,unusable_too_many,matches ROADMAP,0604331D8Z,Rapid Prototyping Program,OSD,0400D,"Research, Development, Test and Evaluation, Defense-Wide",274892,69471,76871,/program/0604331D8Z/,0,,none,nothing — no curated alias; a lone title token has not been evidence since #52,,,n,"n — DROP (no alias for this term) — All 89 candidates are substring hits inside ""program""/""programs"". The Rolling Airframe Missile has no line in the corpus (searched ROLLING AIRFRAME, RIM-116: zero hits). Nothing to alias. This term is a false-positive generator, not a judgment call."
RAM,RTX,89,unusable_too_many,matches ROADMAP,0603884BP,Chemical and Biological Defense Program - Dem/Val,CBDP,0400D,"Research, Development, Test and Evaluation, Defense-Wide",272940,290064,283271,/program/0603884BP/,0,,none,nothing — no curated alias; a lone title token has not been evidence since #52,,,n,"n — DROP (no alias for this term) — All 89 candidates are substring hits inside ""program""/""programs"". The Rolling Airframe Missile has no line in the corpus (searched ROLLING AIRFRAME, RIM-116: zero hits). Nothing to alias. This term is a false-positive generator, not a judgment call."
RAM,RTX,89,unusable_too_many,matches ROADMAP,0604384BP,Chemical and Biological Defense Program - EMD,CBDP,0400D,"Research, Development, Test and Evaluation, Defense-Wide",255630,257725,331879,/program/0604384BP/,0,,none,nothing — no curated alias; a lone title token has not been evidence since #52,,,n,"n — DROP (no alias for this term) — All 89 candidates are substring hits inside ""program""/""programs"". The Rolling Airframe Missile has no line in the corpus (searched ROLLING AIRFRAME, RIM-116: zero hits). Nothing to alias. This term is a false-positive generator, not a judgment call."
RAM,RTX,89,unusable_too_many,matches ROADMAP,0603384BP,Chemical and Biological Defense Program - Advanced Development,CBDP,0400D,"Research, Development, Test and Evaluation, Defense-Wide",247043,232551,247437,/program/0603384BP/,0,,none,nothing — no curated alias; a lone title token has not been evidence since #52,,,n,"n — DROP (no alias for this term) — All 89 candidates are substring hits inside ""program""/""programs"". The Rolling Airframe Missile has no line in the corpus (searched ROLLING AIRFRAME, RIM-116: zero hits). Nothing to alias. This term is a false-positive generator, not a judgment call."
RAM,RTX,89,unusable_too_many,matches ROADMAP,0603461A,High Performance Computing Modernization Program,A,2040A,"Research, Development, Test and Evaluation, Army",241855,239597,246739,/program/0603461A/,33,multi_token=33,none,nothing — no curated alias; a lone title token has not been evidence since #52,,,n,"n — DROP (no alias for this term) — All 89 candidates are substring hits inside ""program""/""programs"". The Rolling Airframe Missile has no line in the corpus (searched ROLLING AIRFRAME, RIM-116: zero hits). Nothing to alias. This term is a false-positive generator, not a judgment call."
RAM,RTX,89,unusable_too_many,matches ROADMAP,0602384BP,Chemical and Biological Defense Program,CBDP,0400D,"Research, Development, Test and Evaluation, Defense-Wide",230751,224777,235871,/program/0602384BP/,0,,none,nothing — no curated alias; a lone title token has not been evidence since #52,,,n,"n — DROP (no alias for this term) — All 89 candidates are substring hits inside ""program""/""programs"". The Rolling Airframe Missile has no line in the corpus (searched ROLLING AIRFRAME, RIM-116: zero hits). Nothing to alias. This term is a false-positive generator, not a judgment call."
RAM,RTX,89,unusable_too_many,matches ROADMAP,MSPPRG,Special Update Programs,F,3020F,"Missile Procurement, Air Force",221199,,347904,/program/MSPPRG/,0,,none,nothing — no curated alias; a lone title token has not been evidence since #52,,,n,"n — DROP (no alias for this term) — All 89 candidates are substring hits inside ""program""/""programs"". The Rolling Airframe Missile has no line in the corpus (searched ROLLING AIRFRAME, RIM-116: zero hits). Nothing to alias. This term is a false-positive generator, not a judgment call."
RAM,RTX,89,unusable_too_many,matches ROADMAP,3415,Info Systems Security Program (ISSP),N,1810N,"Other Procurement, Navy",191239,,153614,/program/3415/,0,,none,nothing — no curated alias; a lone title token has not been evidence since #52,,,n,"n — DROP (no alias for this term) — All 89 candidates are substring hits inside ""program""/""programs"". The Rolling Airframe Missile has no line in the corpus (searched ROLLING AIRFRAME, RIM-116: zero hits). Nothing to alias. This term is a false-positive generator, not a judgment call."
RAM,RTX,89,unusable_too_many,matches ROADMAP,1678GZ2400,Bradley Program (MOD),A,2033A,"Procurement of Weapons and Tracked Combat Vehicles, Army",157183,,2414131,/program/1678GZ2400/,0,,none,nothing — no curated alias; a lone title token has not been evidence since #52,,,n,"n — DROP (no alias for this term) — All 89 candidates are substring hits inside ""program""/""programs"". The Rolling Airframe Missile has no line in the corpus (searched ROLLING AIRFRAME, RIM-116: zero hits). Nothing to alias. This term is a false-positive generator, not a judgment call."
RAM,RTX,89,unusable_too_many,matches ROADMAP,0601120D8Z,National Defense Education Program,OSD,0400D,"Research, Development, Test and Evaluation, Defense-Wide",156010,169986,157139,/program/0601120D8Z/,0,,none,nothing — no curated alias; a lone title token has not been evidence since #52,,,n,"n — DROP (no alias for this term) — All 89 candidates are substring hits inside ""program""/""programs"". The Rolling Airframe Missile has no line in the corpus (searched ROLLING AIRFRAME, RIM-116: zero hits). Nothing to alias. This term is a false-positive generator, not a judgment call."
RAM,RTX,89,unusable_too_many,matches ROADMAP,0604327F,Hard and Deeply Buried Target Defeat System (HDBTDS) Program,F,3600F,"Research, Development, Test and Evaluation, Air Force",144143,139408,14866,/program/0604327F/,0,,none,nothing — no curated alias; a lone title token has not been evidence since #52,,,n,"n — DROP (no alias for this term) — All 89 candidates are substring hits inside ""program""/""programs"". The Rolling Airframe Missile has no line in the corpus (searched ROLLING AIRFRAME, RIM-116: zero hits). Nothing to alias. This term is a false-positive generator, not a judgment call."
RAM,RTX,89,unusable_too_many,matches ROADMAP,0603924D8Z,High Energy Laser Advanced Technology Program,OSD,0400D,"Research, Development, Test and Evaluation, Defense-Wide",130577,112867,108442,/program/0603924D8Z/,6,multi_token=6,none,nothing — no curated alias; a lone title token has not been evidence since #52,,,n,"n — DROP (no alias for this term) — All 89 candidates are substring hits inside ""program""/""programs"". The Rolling Airframe Missile has no line in the corpus (searched ROLLING AIRFRAME, RIM-116: zero hits). Nothing to alias. This term is a false-positive generator, not a judgment call."
RAM,RTX,89,unusable_too_many,matches ROADMAP,0603851D8Z,Environmental Security Technical Certification Program,OSD,0400D,"Research, Development, Test and Evaluation, Defense-Wide",123981,149696,139998,/program/0603851D8Z/,9,multi_token=9,none,nothing — no curated alias; a lone title token has not been evidence since #52,,,n,"n — DROP (no alias for this term) — All 89 candidates are substring hits inside ""program""/""programs"". The Rolling Airframe Missile has no line in the corpus (searched ROLLING AIRFRAME, RIM-116: zero hits). Nothing to alias. This term is a false-positive generator, not a judgment call."
RAM,RTX,89,unusable_too_many,matches ROADMAP,14,Teleport Program,DISA,0300D,"Procurement, Defense-Wide",112517,,35199,/program/14/,69,pe_literal=69,none,nothing — no curated alias; a lone title token has not been evidence since #52,,,n,"n — DROP (no alias for this term) — All 89 candidates are substring hits inside ""program""/""programs"". The Rolling Airframe Missile has no line in the corpus (searched ROLLING AIRFRAME, RIM-116: zero hits). Nothing to alias. This term is a false-positive generator, not a judgment call."
RAM,RTX,89,unusable_too_many,matches ROADMAP,0604659N,Precision Strike Weapons Development Program,N,1319N,"Research, Development, Test and Evaluation, Navy",110072,131667,140263,/program/0604659N/,5,multi_token=5,none,nothing — no curated alias; a lone title token has not been evidence since #52,,,n,"n — DROP (no alias for this term) — All 89 candidates are substring hits inside ""program""/""programs"". The Rolling Airframe Missile has no line in the corpus (searched ROLLING AIRFRAME, RIM-116: zero hits). Nothing to alias. This term is a false-positive generator, not a judgment call."
RAM,RTX,89,unusable_too_many,matches ROADMAP,0303140F,Information Systems Security Program,F,3600F,"Research, Development, Test and Evaluation, Air Force",98414,94424,89233,/program/0303140F/,0,,none,nothing — no curated alias; a lone title token has not been evidence since #52,,,n,"n — DROP (no alias for this term) — All 89 candidates are substring hits inside ""program""/""programs"". The Rolling Airframe Missile has no line in the corpus (searched ROLLING AIRFRAME, RIM-116: zero hits). Nothing to alias. This term is a false-positive generator, not a judgment call."
RAM,RTX,89,unusable_too_many,matches ROADMAP,1206895C,Ballistic Missile Defense System Space Programs,MDA,0400D,"Research, Development, Test and Evaluation, Defense-Wide",97061,119561,107597,/program/1206895C/,2,multi_token=2,none,nothing — no curated alias; a lone title token has not been evidence since #52,,,n,"n — DROP (no alias for this term) — All 89 candidates are substring hits inside ""program""/""programs"". The Rolling Airframe Missile has no line in the corpus (searched ROLLING AIRFRAME, RIM-116: zero hits). Nothing to alias. This term is a false-positive generator, not a judgment call."
RAM,RTX,89,unusable_too_many,matches ROADMAP,0605384BP,Chemical and Biological Defense Program,CBDP,0400D,"Research, Development, Test and Evaluation, Defense-Wide",67263,83238,75027,/program/0605384BP/,0,,none,nothing — no curated alias; a lone title token has not been evidence since #52,,,n,"n — DROP (no alias for this term) — All 89 candidates are substring hits inside ""program""/""programs"". The Rolling Airframe Missile has no line in the corpus (searched ROLLING AIRFRAME, RIM-116: zero hits). Nothing to alias. This term is a false-positive generator, not a judgment call."
RAM,RTX,89,unusable_too_many,matches ROADMAP,0303140N,Information Systems Security Program,N,1319N,"Research, Development, Test and Evaluation, Navy",64147,35339,31475,/program/0303140N/,0,,none,nothing — no curated alias; a lone title token has not been evidence since #52,,,n,"n — DROP (no alias for this term) — All 89 candidates are substring hits inside ""program""/""programs"". The Rolling Airframe Missile has no line in the corpus (searched ROLLING AIRFRAME, RIM-116: zero hits). Nothing to alias. This term is a false-positive generator, not a judgment call."
RAM,RTX,89,unusable_too_many,matches ROADMAP,0603680N,Manufacturing Technology Program,N,1319N,"Research, Development, Test and Evaluation, Navy",63903,63084,81226,/program/0603680N/,0,,none,nothing — no curated alias; a lone title token has not been evidence since #52,,,n,"n — DROP (no alias for this term) — All 89 candidates are substring hits inside ""program""/""programs"". The Rolling Airframe Missile has no line in the corpus (searched ROLLING AIRFRAME, RIM-116: zero hits). Nothing to alias. This term is a false-positive generator, not a judgment call."
RAM,RTX,89,unusable_too_many,matches ROADMAP,0101224N,SSBN Security Technology Program,N,1319N,"Research, Development, Test and Evaluation, Navy",63252,61012,60280,/program/0101224N/,0,,none,nothing — no curated alias; a lone title token has not been evidence since #52,,,n,"n — DROP (no alias for this term) — All 89 candidates are substring hits inside ""program""/""programs"". The Rolling Airframe Missile has no line in the corpus (searched ROLLING AIRFRAME, RIM-116: zero hits). Nothing to alias. This term is a false-positive generator, not a judgment call."
RAM,RTX,89,unusable_too_many,matches ROADMAP,0605326A,Concepts Experimentation Program,A,2040A,"Research, Development, Test and Evaluation, Army",58606,80845,86765,/program/0605326A/,0,,none,nothing — no curated alias; a lone title token has not been evidence since #52,,,n,"n — DROP (no alias for this term) — All 89 candidates are substring hits inside ""program""/""programs"". The Rolling Airframe Missile has no line in the corpus (searched ROLLING AIRFRAME, RIM-116: zero hits). Nothing to alias. This term is a false-positive generator, not a judgment call."
RAM,RTX,89,unusable_too_many,matches ROADMAP,0603716D8Z,Strategic Environmental Research Program,OSD,0400D,"Research, Development, Test and Evaluation, Defense-Wide",58092,58838,58728,/program/0603716D8Z/,0,,none,nothing — no curated alias; a lone title token has not been evidence since #52,,,n,"n — DROP (no alias for this term) — All 89 candidates are substring hits inside ""program""/""programs"". The Rolling Airframe Missile has no line in the corpus (searched ROLLING AIRFRAME, RIM-116: zero hits). Nothing to alias. This term is a false-positive generator, not a judgment call."
RAM,RTX,89,unusable_too_many,matches ROADMAP,0204SPCPRG,Special Programs,SOCOM,0300D,"Procurement, Defense-Wide",55818,,20412,/program/0204SPCPRG/,0,,none,nothing — no curated alias; a lone title token has not been evidence since #52,,,n,"n — DROP (no alias for this term) — All 89 candidates are substring hits inside ""program""/""programs"". The Rolling Airframe Missile has no line in the corpus (searched ROLLING AIRFRAME, RIM-116: zero hits). Nothing to alias. This term is a false-positive generator, not a judgment call."
RAM,RTX,89,unusable_too_many,matches ROADMAP,0605801A,Programwide Activities,A,2040A,"Research, Development, Test and Evaluation, Army",54172,91895,86384,/program/0605801A/,0,,none,nothing — no curated alias; a lone title token has not been evidence since #52,,,n,"n — DROP (no alias for this term) — All 89 candidates are substring hits inside ""program""/""programs"". The Rolling Airframe Missile has no line in the corpus (searched ROLLING AIRFRAME, RIM-116: zero hits). Nothing to alias. This term is a false-positive generator, not a judgment call."
RAM,RTX,89,unusable_too_many,matches ROADMAP,0207268F,Aircraft Engine Component Improvement Program,F,3600F,"Research, Development, Test and Evaluation, Air Force",52734,60498,58262,/program/0207268F/,79,multi_token=79,none,nothing — no curated alias; a lone title token has not been evidence since #52,,,n,"n — DROP (no alias for this term) — All 89 candidates are substring hits inside ""program""/""programs"". The Rolling Airframe Missile has no line in the corpus (searched ROLLING AIRFRAME, RIM-116: zero hits). Nothing to alias. This term is a false-positive generator, not a judgment call."
RAM,RTX,89,unusable_too_many,matches ROADMAP,0603680S,Manufacturing Technology Program,DLA,0400D,"Research, Development, Test and Evaluation, Defense-Wide",50610,100366,66935,/program/0603680S/,0,,none,nothing — no curated alias; a lone title token has not been evidence since #52,,,n,"n — DROP (no alias for this term) — All 89 candidates are substring hits inside ""program""/""programs"". The Rolling Airframe Missile has no line in the corpus (searched ROLLING AIRFRAME, RIM-116: zero hits). Nothing to alias. This term is a false-positive generator, not a judgment call."
RAM,RTX,89,unusable_too_many,matches ROADMAP,0603724N,Navy Energy Program,N,1319N,"Research, Development, Test and Evaluation, Navy",46577,65610,108223,/program/0603724N/,0,,none,nothing — no curated alias; a lone title token has not been evidence since #52,,,n,"n — DROP (no alias for this term) — All 89 candidates are substring hits inside ""program""/""programs"". The Rolling Airframe Missile has no line in the corpus (searched ROLLING AIRFRAME, RIM-116: zero hits). Nothing to alias. This term is a false-positive generator, not a judgment call."
RAM,RTX,89,unusable_too_many,matches ROADMAP,1206730SF,Space Security and Defense Program,F,3620F,"Research, Development, Test, and Evaluation, Space Force",45200,53199,63784,/program/1206730SF/,0,,none,nothing — no curated alias; a lone title token has not been evidence since #52,,,n,"n — DROP (no alias for this term) — All 89 candidates are substring hits inside ""program""/""programs"". The Rolling Airframe Missile has no line in the corpus (searched ROLLING AIRFRAME, RIM-116: zero hits). Nothing to alias. This term is a false-positive generator, not a judgment call."
RAM,RTX,89,unusable_too_many,matches ROADMAP,0603680F,Manufacturing Technology Program,F,3600F,"Research, Development, Test and Evaluation, Air Force",38891,116130,165721,/program/0603680F/,0,,none,nothing — no curated alias; a lone title token has not been evidence since #52,,,n,"n — DROP (no alias for this term) — All 89 candidates are substring hits inside ""program""/""programs"". The Rolling Airframe Missile has no line in the corpus (searched ROLLING AIRFRAME, RIM-116: zero hits). Nothing to alias. This term is a false-positive generator, not a judgment call."
RAM,RTX,89,unusable_too_many,matches ROADMAP,0601384BP,Chemical and Biological Defense Program,CBDP,0400D,"Research, Development, Test and Evaluation, Defense-Wide",36582,37812,33486,/program/0601384BP/,0,,none,nothing — no curated alias; a lone title token has not been evidence since #52,,,n,"n — DROP (no alias for this term) — All 89 candidates are substring hits inside ""program""/""programs"". The Rolling Airframe Missile has no line in the corpus (searched ROLLING AIRFRAME, RIM-116: zero hits). Nothing to alias. This term is a false-positive generator, not a judgment call."
RAM,RTX,89,unusable_too_many,matches ROADMAP,0604200F,Future Advanced Weapon Analysis & Programs,F,3600F,"Research, Development, Test and Evaluation, Air Force",36125,7205,9589,/program/0604200F/,0,,none,nothing — no curated alias; a lone title token has not been evidence since #52,,,n,"n — DROP (no alias for this term) — All 89 candidates are substring hits inside ""program""/""programs"". The Rolling Airframe Missile has no line in the corpus (searched ROLLING AIRFRAME, RIM-116: zero hits). Nothing to alias. This term is a false-positive generator, not a judgment call."
RAM,RTX,89,unusable_too_many,matches ROADMAP,0401132F,C-130J Program,F,3600F,"Research, Development, Test and Evaluation, Air Force",31354,63533,21469,/program/0401132F/,0,,none,nothing — no curated alias; a lone title token has not been evidence since #52,,,n,"n — DROP (no alias for this term) — All 89 candidates are substring hits inside ""program""/""programs"". The Rolling Airframe Missile has no line in the corpus (searched ROLLING AIRFRAME, RIM-116: zero hits). Nothing to alias. This term is a false-positive generator, not a judgment call."
RAM,RTX,89,unusable_too_many,matches ROADMAP,0605873M,Marine Corps Program Wide Support,N,1319N,"Research, Development, Test and Evaluation, Navy",28816,32700,33641,/program/0605873M/,25,multi_token=25,none,nothing — no curated alias; a lone title token has not been evidence since #52,,,n,"n — DROP (no alias for this term) — All 89 candidates are substring hits inside ""program""/""programs"". The Rolling Airframe Missile has no line in the corpus (searched ROLLING AIRFRAME, RIM-116: zero hits). Nothing to alias. This term is a false-positive generator, not a judgment call."
RAM,RTX,89,unusable_too_many,matches ROADMAP,1206864SF,Space Test Program (STP),F,3620F,"Research, Development, Test, and Evaluation, Space Force",28787,30279,29121,/program/1206864SF/,0,,none,nothing — no curated alias; a lone title token has not been evidence since #52,,,n,"n — DROP (no alias for this term) — All 89 candidates are substring hits inside ""program""/""programs"". The Rolling Airframe Missile has no line in the corpus (searched ROLLING AIRFRAME, RIM-116: zero hits). Nothing to alias. This term is a false-positive generator, not a judgment call."
RAM,RTX,89,unusable_too_many,matches ROADMAP,0303140D8Z,Information Systems Security Program,OSD,0400D,"Research, Development, Test and Evaluation, Defense-Wide",25347,36127,137157,/program/0303140D8Z/,0,,none,nothing — no curated alias; a lone title token has not been evidence since #52,,,n,"n — DROP (no alias for this term) — All 89 candidates are substring hits inside ""program""/""programs"". The Rolling Airframe Missile has no line in the corpus (searched ROLLING AIRFRAME, RIM-116: zero hits). Nothing to alias. This term is a false-positive generator, not a judgment call."
RAM,RTX,89,unusable_too_many,matches ROADMAP,1203610K,Teleport Program,DISA,,,24319,,,/program/1203610K/,0,,none,nothing — no curated alias; a lone title token has not been evidence since #52,,,n,"n — DROP (no alias for this term) — All 89 candidates are substring hits inside ""program""/""programs"". The Rolling Airframe Missile has no line in the corpus (searched ROLLING AIRFRAME, RIM-116: zero hits). Nothing to alias. This term is a false-positive generator, not a judgment call."
RAM,RTX,89,unusable_too_many,matches ROADMAP,0607136A,Blackhawk Product Improvement Program,A,2040A,"Research, Development, Test and Evaluation, Army",23998,125000,40923,/program/0607136A/,0,,none,nothing — no curated alias; a lone title token has not been evidence since #52,,,n,"n — DROP (no alias for this term) — All 89 candidates are substring hits inside ""program""/""programs"". The Rolling Airframe Missile has no line in the corpus (searched ROLLING AIRFRAME, RIM-116: zero hits). Nothing to alias. This term is a false-positive generator, not a judgment call."
RAM,RTX,89,unusable_too_many,matches ROADMAP,0303140K,Information Systems Security Program,DISA,0400D,"Research, Development, Test and Evaluation, Defense-Wide",23224,31414,8034,/program/0303140K/,0,,none,nothing — no curated alias; a lone title token has not been evidence since #52,,,n,"n — DROP (no alias for this term) — All 89 candidates are substring hits inside ""program""/""programs"". The Rolling Airframe Missile has no line in the corpus (searched ROLLING AIRFRAME, RIM-116: zero hits). Nothing to alias. This term is a false-positive generator, not a judgment call."
RAM,RTX,89,unusable_too_many,matches ROADMAP,1206860SF,Rocket Systems Launch Program (SPACE),F,3620F,"Research, Development, Test, and Evaluation, Space Force",19857,35134,42576,/program/1206860SF/,8,multi_token=8,none,nothing — no curated alias; a lone title token has not been evidence since #52,,,n,"n — DROP (no alias for this term) — All 89 candidates are substring hits inside ""program""/""programs"". The Rolling Airframe Missile has no line in the corpus (searched ROLLING AIRFRAME, RIM-116: zero hits). Nothing to alias. This term is a false-positive generator, not a judgment call."
RAM,RTX,89,unusable_too_many,matches ROADMAP,0934,LCC 19/20 Extended Service Life Program,N,1810N,"Other Procurement, Navy",19276,,10522,/program/0934/,0,,none,nothing — no curated alias; a lone title token has not been evidence since #52,,,n,"n — DROP (no alias for this term) — All 89 candidates are substring hits inside ""program""/""programs"". The Rolling Airframe Missile has no line in the corpus (searched ROLLING AIRFRAME, RIM-116: zero hits). Nothing to alias. This term is a false-positive generator, not a judgment call."
RAM,RTX,89,unusable_too_many,matches ROADMAP,0608648D8Z,Acquisition Visibility - Software Pilot Program,OSD,0400D,"Research, Development, Test and Evaluation, Defense-Wide",17549,17907,20572,/program/0608648D8Z/,0,,none,nothing — no curated alias; a lone title token has not been evidence since #52,,,n,"n — DROP (no alias for this term) — All 89 candidates are substring hits inside ""program""/""programs"". The Rolling Airframe Missile has no line in the corpus (searched ROLLING AIRFRAME, RIM-116: zero hits). Nothing to alias. This term is a false-positive generator, not a judgment call."
RAM,RTX,89,unusable_too_many,matches ROADMAP,0303140A,Information Systems Security Program,A,2040A,"Research, Development, Test and Evaluation, Army",15040,15733,15323,/program/0303140A/,0,,none,nothing — no curated alias; a lone title token has not been evidence since #52,,,n,"n — DROP (no alias for this term) — All 89 candidates are substring hits inside ""program""/""programs"". The Rolling Airframe Missile has no line in the corpus (searched ROLLING AIRFRAME, RIM-116: zero hits). Nothing to alias. This term is a false-positive generator, not a judgment call."
RAM,RTX,89,unusable_too_many,matches ROADMAP,0603778A,MLRS Product Improvement Program,A,2040A,"Research, Development, Test and Evaluation, Army",14639,14188,13937,/program/0603778A/,0,,none,nothing — no curated alias; a lone title token has not been evidence since #52,,,n,"n — DROP (no alias for this term) — All 89 candidates are substring hits inside ""program""/""programs"". The Rolling Airframe Missile has no line in the corpus (searched ROLLING AIRFRAME, RIM-116: zero hits). Nothing to alias. This term is a false-positive generator, not a judgment call."
RAM,RTX,89,unusable_too_many,matches ROADMAP,0607131A,Weapons and Munitions Product Improvement Programs,A,2040A,"Research, Development, Test and Evaluation, Army",13687,31563,61735,/program/0607131A/,30,multi_token=30,none,nothing — no curated alias; a lone title token has not been evidence since #52,,,n,"n — DROP (no alias for this term) — All 89 candidates are substring hits inside ""program""/""programs"". The Rolling Airframe Missile has no line in the corpus (searched ROLLING AIRFRAME, RIM-116: zero hits). Nothing to alias. This term is a false-positive generator, not a judgment call."
RAM,RTX,89,unusable_too_many,matches ROADMAP,0608013N,Risk management Information - Software Pilot Program,N,1319N,"Research, Development, Test and Evaluation, Navy",13341,14522,11551,/program/0608013N/,0,,none,nothing — no curated alias; a lone title token has not been evidence since #52,,,n,"n — DROP (no alias for this term) — All 89 candidates are substring hits inside ""program""/""programs"". The Rolling Airframe Missile has no line in the corpus (searched ROLLING AIRFRAME, RIM-116: zero hits). Nothing to alias. This term is a false-positive generator, not a judgment call."
RAM,RTX,89,unusable_too_many,matches ROADMAP,0606100D8Z,Budget and Program Assessments,OSD,0400D,"Research, Development, Test and Evaluation, Defense-Wide",13084,14272,13863,/program/0606100D8Z/,0,,none,nothing — no curated alias; a lone title token has not been evidence since #52,,,n,"n — DROP (no alias for this term) — All 89 candidates are substring hits inside ""program""/""programs"". The Rolling Airframe Missile has no line in the corpus (searched ROLLING AIRFRAME, RIM-116: zero hits). Nothing to alias. This term is a false-positive generator, not a judgment call."
RAM,RTX,89,unusable_too_many,matches ROADMAP,0608231N,Maritime Tactical Command and Control (MTC2) - Software Pilot Program,N,1319N,"Research, Development, Test and Evaluation, Navy",12520,10289,10221,/program/0608231N/,0,,none,nothing — no curated alias; a lone title token has not been evidence since #52,,,n,"n — DROP (no alias for this term) — All 89 candidates are substring hits inside ""program""/""programs"". The Rolling Airframe Missile has no line in the corpus (searched ROLLING AIRFRAME, RIM-116: zero hits). Nothing to alias. This term is a false-positive generator, not a judgment call."
RAM,RTX,89,unusable_too_many,matches ROADMAP,0602234D8Z,Lincoln Laboratory Research Program,OSD,0400D,"Research, Development, Test and Evaluation, Defense-Wide",11479,47528,45097,/program/0602234D8Z/,0,,none,nothing — no curated alias; a lone title token has not been evidence since #52,,,n,"n — DROP (no alias for this term) — All 89 candidates are substring hits inside ""program""/""programs"". The Rolling Airframe Missile has no line in the corpus (searched ROLLING AIRFRAME, RIM-116: zero hits). Nothing to alias. This term is a false-positive generator, not a judgment call."
RAM,RTX,89,unusable_too_many,matches ROADMAP,0607137A,Chinook Product Improvement Program,A,2040A,"Research, Development, Test and Evaluation, Army",10859,4816,20386,/program/0607137A/,0,,none,nothing — no curated alias; a lone title token has not been evidence since #52,,,n,"n — DROP (no alias for this term) — All 89 candidates are substring hits inside ""program""/""programs"". The Rolling Airframe Missile has no line in the corpus (searched ROLLING AIRFRAME, RIM-116: zero hits). Nothing to alias. This term is a false-positive generator, not a judgment call."
RAM,RTX,89,unusable_too_many,matches ROADMAP,1160432BB,Special Programs,SOCOM,0400D,"Research, Development, Test and Evaluation, Defense-Wide",10550,539,510,/program/1160432BB/,0,,none,nothing — no curated alias; a lone title token has not been evidence since #52,,,n,"n — DROP (no alias for this term) — All 89 candidates are substring hits inside ""program""/""programs"". The Rolling Airframe Missile has no line in the corpus (searched ROLLING AIRFRAME, RIM-116: zero hits). Nothing to alias. This term is a false-positive generator, not a judgment call."
RAM,RTX,89,unusable_too_many,matches ROADMAP,0605022D8Z,Defense Exportability Program,OSD,0400D,"Research, Development, Test and Evaluation, Defense-Wide",6780,15779,14192,/program/0605022D8Z/,0,,none,nothing — no curated alias; a lone title token has not been evidence since #52,,,n,"n — DROP (no alias for this term) — All 89 candidates are substring hits inside ""program""/""programs"". The Rolling Airframe Missile has no line in the corpus (searched ROLLING AIRFRAME, RIM-116: zero hits). Nothing to alias. This term is a false-positive generator, not a judgment call."
RAM,RTX,89,unusable_too_many,matches ROADMAP,1206853SF,National Security Space Launch Program (SPACE) - EMD,F,3620F,"Research, Development, Test, and Evaluation, Space Force",6595,103392,156968,/program/1206853SF/,0,,none,nothing — no curated alias; a lone title token has not been evidence since #52,,,n,"n — DROP (no alias for this term) — All 89 candidates are substring hits inside ""program""/""programs"". The Rolling Airframe Missile has no line in the corpus (searched ROLLING AIRFRAME, RIM-116: zero hits). Nothing to alias. This term is a false-positive generator, not a judgment call."
RAM,RTX,89,unusable_too_many,matches ROADMAP,0305186D8Z,Policy R&D Programs,OSD,0400D,"Research, Development, Test and Evaluation, Defense-Wide",6043,6220,6075,/program/0305186D8Z/,0,,none,nothing — no curated alias; a lone title token has not been evidence since #52,,,n,"n — DROP (no alias for this term) — All 89 candidates are substring hits inside ""program""/""programs"". The Rolling Airframe Missile has no line in the corpus (searched ROLLING AIRFRAME, RIM-116: zero hits). Nothing to alias. This term is a false-positive generator, not a judgment call."
RAM,RTX,89,unusable_too_many,matches ROADMAP,0901218F,Civilian Compensation Program,F,3600F,"Research, Development, Test and Evaluation, Air Force",4355,4267,3703,/program/0901218F/,0,,none,nothing — no curated alias; a lone title token has not been evidence since #52,,,n,"n — DROP (no alias for this term) — All 89 candidates are substring hits inside ""program""/""programs"". The Rolling Airframe Missile has no line in the corpus (searched ROLLING AIRFRAME, RIM-116: zero hits). Nothing to alias. This term is a false-positive generator, not a judgment call."
RAM,RTX,89,unusable_too_many,matches ROADMAP,0305192N,Military Intelligence Program (MIP) Activities,N,1319N,"Research, Development, Test and Evaluation, Navy",3311,7239,7304,/program/0305192N/,0,,none,nothing — no curated alias; a lone title token has not been evidence since #52,,,n,"n — DROP (no alias for this term) — All 89 candidates are substring hits inside ""program""/""programs"". The Rolling Airframe Missile has no line in the corpus (searched ROLLING AIRFRAME, RIM-116: zero hits). Nothing to alias. This term is a false-positive generator, not a judgment call."
RAM,RTX,89,unusable_too_many,matches ROADMAP,0604016D8Z,Department of Defense Corrosion Program,OSD,0400D,"Research, Development, Test and Evaluation, Defense-Wide",2545,2637,5113,/program/0604016D8Z/,0,,none,nothing — no curated alias; a lone title token has not been evidence since #52,,,n,"n — DROP (no alias for this term) — All 89 candidates are substring hits inside ""program""/""programs"". The Rolling Airframe Missile has no line in the corpus (searched ROLLING AIRFRAME, RIM-116: zero hits). Nothing to alias. This term is a false-positive generator, not a judgment call."
RAM,RTX,89,unusable_too_many,matches ROADMAP,0207521F,Air Force Calibration Programs,F,3600F,"Research, Development, Test and Evaluation, Air Force",2273,2223,2172,/program/0207521F/,0,,none,nothing — no curated alias; a lone title token has not been evidence since #52,,,n,"n — DROP (no alias for this term) — All 89 candidates are substring hits inside ""program""/""programs"". The Rolling Airframe Missile has no line in the corpus (searched ROLLING AIRFRAME, RIM-116: zero hits). Nothing to alias. This term is a false-positive generator, not a judgment call."
RAM,RTX,89,unusable_too_many,matches ROADMAP,0202057C,Safety Program Management,MDA,0400D,"Research, Development, Test and Evaluation, Defense-Wide",1806,1771,2476,/program/0202057C/,0,,none,nothing — no curated alias; a lone title token has not been evidence since #52,,,n,"n — DROP (no alias for this term) — All 89 candidates are substring hits inside ""program""/""programs"". The Rolling Airframe Missile has no line in the corpus (searched ROLLING AIRFRAME, RIM-116: zero hits). Nothing to alias. This term is a false-positive generator, not a judgment call."
RAM,RTX,89,unusable_too_many,matches ROADMAP,0305387D8Z,Homeland Defense Technology Transfer Program,OSD,0400D,"Research, Development, Test and Evaluation, Defense-Wide",1771,1867,7202,/program/0305387D8Z/,10,multi_token=10,none,nothing — no curated alias; a lone title token has not been evidence since #52,,,n,"n — DROP (no alias for this term) — All 89 candidates are substring hits inside ""program""/""programs"". The Rolling Airframe Missile has no line in the corpus (searched ROLLING AIRFRAME, RIM-116: zero hits). Nothing to alias. This term is a false-positive generator, not a judgment call."
RAM,RTX,89,unusable_too_many,matches ROADMAP,0203801A,Missile/Air Defense Product Improvement Program,A,2040A,"Research, Development, Test and Evaluation, Army",1338,1511,4203,/program/0203801A/,23,multi_token=23,none,nothing — no curated alias; a lone title token has not been evidence since #52,,,n,"n — DROP (no alias for this term) — All 89 candidates are substring hits inside ""program""/""programs"". The Rolling Airframe Missile has no line in the corpus (searched ROLLING AIRFRAME, RIM-116: zero hits). Nothing to alias. This term is a false-positive generator, not a judgment call."
RAM,RTX,89,unusable_too_many,matches ROADMAP,0603727D8Z,Joint Warfighting Program,OSD,0400D,"Research, Development, Test and Evaluation, Defense-Wide",945,2684,2648,/program/0603727D8Z/,0,,none,nothing — no curated alias; a lone title token has not been evidence since #52,,,n,"n — DROP (no alias for this term) — All 89 candidates are substring hits inside ""program""/""programs"". The Rolling Airframe Missile has no line in the corpus (searched ROLLING AIRFRAME, RIM-116: zero hits). Nothing to alias. This term is a false-positive generator, not a judgment call."
RAM,RTX,89,unusable_too_many,matches ROADMAP,0122TA0600,Information System Security Program-ISSP,A,2035A,"Other Procurement, Army",826,,701,/program/0122TA0600/,0,,none,nothing — no curated alias; a lone title token has not been evidence since #52,,,n,"n — DROP (no alias for this term) — All 89 candidates are substring hits inside ""program""/""programs"". The Rolling Airframe Missile has no line in the corpus (searched ROLLING AIRFRAME, RIM-116: zero hits). Nothing to alias. This term is a false-positive generator, not a judgment call."
RAM,RTX,89,unusable_too_many,matches ROADMAP,0102326F,Region/Sector Operation Control Center Modernization Program,F,3600F,"Research, Development, Test and Evaluation, Air Force",726,852,831,/program/0102326F/,17,multi_token=17,none,nothing — no curated alias; a lone title token has not been evidence since #52,,,n,"n — DROP (no alias for this term) — All 89 candidates are substring hits inside ""program""/""programs"". The Rolling Airframe Missile has no line in the corpus (searched ROLLING AIRFRAME, RIM-116: zero hits). Nothing to alias. This term is a false-positive generator, not a judgment call."
RAM,RTX,89,unusable_too_many,matches ROADMAP,0203752A,Aircraft Engine Component Improvement Program,A,2040A,"Research, Development, Test and Evaluation, Army",237,142,146,/program/0203752A/,79,multi_token=79,none,nothing — no curated alias; a lone title token has not been evidence since #52,,,n,"n — DROP (no alias for this term) — All 89 candidates are substring hits inside ""program""/""programs"". The Rolling Airframe Missile has no line in the corpus (searched ROLLING AIRFRAME, RIM-116: zero hits). Nothing to alias. This term is a false-positive generator, not a judgment call."
RAM,RTX,89,unusable_too_many,matches ROADMAP,0208036F,Medical C-CBRNE Programs,F,3600F,"Research, Development, Test and Evaluation, Air Force",,,2006,/program/0208036F/,0,,none,nothing — no curated alias; a lone title token has not been evidence since #52,,,n,"n — DROP (no alias for this term) — All 89 candidates are substring hits inside ""program""/""programs"". The Rolling Airframe Missile has no line in the corpus (searched ROLLING AIRFRAME, RIM-116: zero hits). Nothing to alias. This term is a false-positive generator, not a judgment call."
RAM,RTX,89,unusable_too_many,matches ROADMAP,0203802A,Other Missile Product Improvement Programs,A,2040A,"Research, Development, Test and Evaluation, Army",,26708,9677,/program/0203802A/,23,multi_token=23,none,nothing — no curated alias; a lone title token has not been evidence since #52,,,n,"n — DROP (no alias for this term) — All 89 candidates are substring hits inside ""program""/""programs"". The Rolling Airframe Missile has no line in the corpus (searched ROLLING AIRFRAME, RIM-116: zero hits). Nothing to alias. This term is a false-positive generator, not a judgment call."
RAM,RTX,89,unusable_too_many,matches ROADMAP,0604331J,Rapid Prototyping Program,TJS,0400D,"Research, Development, Test and Evaluation, Defense-Wide",,7710,5665,/program/0604331J/,0,,none,nothing — no curated alias; a lone title token has not been evidence since #52,,,n,"n — DROP (no alias for this term) — All 89 candidates are substring hits inside ""program""/""programs"". The Rolling Airframe Missile has no line in the corpus (searched ROLLING AIRFRAME, RIM-116: zero hits). Nothing to alias. This term is a false-positive generator, not a judgment call."
RAM,RTX,89,unusable_too_many,matches ROADMAP,0607139A,Improved Turbine Engine Program,A,2040A,"Research, Development, Test and Evaluation, Army",,130029,182204,/program/0607139A/,3,multi_token=3,none,nothing — no curated alias; a lone title token has not been evidence since #52,,,n,"n — DROP (no alias for this term) — All 89 candidates are substring hits inside ""program""/""programs"". The Rolling Airframe Missile has no line in the corpus (searched ROLLING AIRFRAME, RIM-116: zero hits). Nothing to alias. This term is a false-positive generator, not a judgment call."
RAM,RTX,89,unusable_too_many,matches ROADMAP,0604419N,Advanced Sensors Application Program (ASAP),N,1319N,"Research, Development, Test and Evaluation, Navy",,,10000,/program/0604419N/,0,,none,nothing — no curated alias; a lone title token has not been evidence since #52,,,n,"n — DROP (no alias for this term) — All 89 candidates are substring hits inside ""program""/""programs"". The Rolling Airframe Missile has no line in the corpus (searched ROLLING AIRFRAME, RIM-116: zero hits). Nothing to alias. This term is a false-positive generator, not a judgment call."
RAM,RTX,89,unusable_too_many,matches ROADMAP,0605206A,CI and HUMINT Equipment Program-Army (CIHEP-A),A,2040A,"Research, Development, Test and Evaluation, Army",,1296,2170,/program/0605206A/,0,,none,nothing — no curated alias; a lone title token has not been evidence since #52,,,n,"n — DROP (no alias for this term) — All 89 candidates are substring hits inside ""program""/""programs"". The Rolling Airframe Missile has no line in the corpus (searched ROLLING AIRFRAME, RIM-116: zero hits). Nothing to alias. This term is a false-positive generator, not a judgment call."
RAM,RTX,89,unusable_too_many,matches ROADMAP,RSLP00,Rocket Systems Launch Program,F,3022F,"Procurement, Space Force",,,71757,/program/RSLP00/,8,multi_token=8,none,nothing — no curated alias; a lone title token has not been evidence since #52,,,n,"n — DROP (no alias for this term) — All 89 candidates are substring hits inside ""program""/""programs"". The Rolling Airframe Missile has no line in the corpus (searched ROLLING AIRFRAME, RIM-116: zero hits). Nothing to alias. This term is a false-positive generator, not a judgment call."
RAM,RTX,89,unusable_too_many,matches ROADMAP,0605128D8Z,Classified Program USD(P),OSD,0400D,"Research, Development, Test and Evaluation, Defense-Wide",,180906,167042,/program/0605128D8Z/,0,,none,nothing — no curated alias; a lone title token has not been evidence since #52,,,n,"n — DROP (no alias for this term) — All 89 candidates are substring hits inside ""program""/""programs"". The Rolling Airframe Missile has no line in the corpus (searched ROLLING AIRFRAME, RIM-116: zero hits). Nothing to alias. This term is a false-positive generator, not a judgment call."
RAM,RTX,89,unusable_too_many,matches ROADMAP,0604221N,P-3 Modernization Program,N,1319N,"Research, Development, Test and Evaluation, Navy",,,756,/program/0604221N/,0,,none,nothing — no curated alias; a lone title token has not been evidence since #52,,,n,"n — DROP (no alias for this term) — All 89 candidates are substring hits inside ""program""/""programs"". The Rolling Airframe Missile has no line in the corpus (searched ROLLING AIRFRAME, RIM-116: zero hits). Nothing to alias. This term is a false-positive generator, not a judgment call."
RAM,RTX,89,unusable_too_many,matches ROADMAP,9654BU4050,DRUG INTERDICTION PROGRAM (DIP) (TIARA),A,2035A,"Other Procurement, Army",,,4044,/program/9654BU4050/,0,,none,nothing — no curated alias; a lone title token has not been evidence since #52,,,n,"n — DROP (no alias for this term) — All 89 candidates are substring hits inside ""program""/""programs"". The Rolling Airframe Missile has no line in the corpus (searched ROLLING AIRFRAME, RIM-116: zero hits). Nothing to alias. This term is a false-positive generator, not a judgment call."
RAM,RTX,89,unusable_too_many,matches ROADMAP,0603287E,Space Programs and Technology,DARPA,0400D,"Research, Development, Test and Evaluation, Defense-Wide",,181498,119125,/program/0603287E/,0,,none,nothing — no curated alias; a lone title token has not been evidence since #52,,,n,"n — DROP (no alias for this term) — All 89 candidates are substring hits inside ""program""/""programs"". The Rolling Airframe Missile has no line in the corpus (searched ROLLING AIRFRAME, RIM-116: zero hits). Nothing to alias. This term is a false-positive generator, not a judgment call."
RAM,RTX,89,unusable_too_many,matches ROADMAP,3636D10000,ARNG HMMWV Modernization Program,A,2035A,"Other Procurement, Army",,,140000,/program/3636D10000/,0,,none,nothing — no curated alias; a lone title token has not been evidence since #52,,,n,"n — DROP (no alias for this term) — All 89 candidates are substring hits inside ""program""/""programs"". The Rolling Airframe Missile has no line in the corpus (searched ROLLING AIRFRAME, RIM-116: zero hits). Nothing to alias. This term is a false-positive generator, not a judgment call."
RAM,RTX,89,unusable_too_many,matches ROADMAP,1981B00010,Signal Modernization Program,A,2035A,"Other Procurement, Army",,,144857,/program/1981B00010/,0,,none,nothing — no curated alias; a lone title token has not been evidence since #52,,,n,"n — DROP (no alias for this term) — All 89 candidates are substring hits inside ""program""/""programs"". The Rolling Airframe Missile has no line in the corpus (searched ROLLING AIRFRAME, RIM-116: zero hits). Nothing to alias. This term is a false-positive generator, not a judgment call."
RAM,RTX,89,unusable_too_many,matches ROADMAP,9666BU8000,Emergency Management Modernization Program,A,2035A,"Other Procurement, Army",,,10949,/program/9666BU8000/,26,multi_token=26,none,nothing — no curated alias; a lone title token has not been evidence since #52,,,n,"n — DROP (no alias for this term) — All 89 candidates are substring hits inside ""program""/""programs"". The Rolling Airframe Missile has no line in the corpus (searched ROLLING AIRFRAME, RIM-116: zero hits). Nothing to alias. This term is a false-positive generator, not a judgment call."
Tomahawk,RTX,2,ambiguous,matches ROADMAP,0204229N,Tomahawk and Tomahawk Mission Planning Center (TMPC),N,1319N,"Research, Development, Test and Evaluation, Navy",151177,166150,119505,/program/0204229N/,0,,none,nothing — no curated alias; a lone title token has not been evidence since #52,,,y,"y — the Navy Tomahawk program element; the only sibling (5253) is ""Tomahawk Support Equipment"", a support-equipment BLI, not the weapon."
Tomahawk,RTX,2,ambiguous,matches ROADMAP,5253,Tomahawk Support Equipment,N,1810N,"Other Procurement, Navy",107709,,92371,/program/5253/,0,,none,nothing — no curated alias; a lone title token has not been evidence since #52,,,n,n — support-equipment BLI; the Tomahawk program element is 0204229N.
Standard Missile,RTX,1,sole_match,,0604366N,Standard Missile Improvements,N,1319N,"Research, Development, Test and Evaluation, Navy",412964,288297,366181,/program/0604366N/,2,multi_token=2,none,nothing — no curated alias; a lone title token has not been evidence since #52,YES — sole title match (verify: a title match is not a correct alias),,y,"y — sole Standard Missile line in the corpus and the Navy PE that funds Standard Missile development; ""Improvements"" is this PE's own name, not a modification hanging off a separate base PE (contrast Stinger Mods / Harpoon Support Equipment)."
SM-6,RTX,0,no_title_match,,,,,,,,,,,,,none,nothing — no curated alias and no title to match,,,n,"n — OFF-WORKSHEET PE: 0604366N — SM-6 is a Standard Missile variant and 0604366N ""Standard Missile Improvements"" is the corpus's only Standard Missile line; no title contains ""SM-6""."
Stinger,RTX,1,sole_match,matches ROADMAP,2684C20000,Stinger Mods,A,2032A,"Missile Procurement, Army",505935,,55448,/program/2684C20000/,0,,none,nothing — no curated alias; a lone title token has not been evidence since #52,YES — sole title match (verify: a title match is not a correct alias),,n,"n — DROP (no alias for this term) — 2684C20000 ""Stinger Mods"" sits in Missile Procurement, Army BA-03 ""Modification of Missiles"" — a modification line, corpus-proven. No base Stinger line exists in the corpus, so there is nothing to alias."
Javelin,RTX (JV w/ Lockheed),2,ambiguous,,0648CC0007,Javelin (AAWS-M) System Summary,A,2032A,"Missile Procurement, Army",329205,,360745,/program/0648CC0007/,0,,none,nothing — no curated alias; a lone title token has not been evidence since #52,,,ambiguous,"ambiguous — see docs/curation/roadmap-55-ratification.md. ""Javelin (AAWS-M) System Summary"" (Missile Procurement, Army, BA-02 Other missiles, FY2026 $329.2M) and 0604611A ""JAVELIN"" (Army RDT&E, $9.8M) are the buy and the development of one program; neither is subordinate."
Javelin,RTX (JV w/ Lockheed),2,ambiguous,,0604611A,JAVELIN,A,2040A,"Research, Development, Test and Evaluation, Army",9810,10405,7541,/program/0604611A/,0,,none,nothing — no curated alias; a lone title token has not been evidence since #52,,,ambiguous,ambiguous — see docs/curation/roadmap-55-ratification.md. Army RDT&E half of the Javelin program; not subordinate to the procurement line.
TOW,RTX,2,ambiguous,,2104C59300,TOW 2 System Summary,A,2032A,"Missile Procurement, Army",11731,,180764,/program/2104C59300/,0,,none,nothing — no curated alias; a lone title token has not been evidence since #52,,,n,"n — DROP (no alias for this term) — 2104C59300 ""TOW 2 System Summary"" is the correct TOW line, but the mention matcher uses a case-insensitive word-boundary regex, so the alias ""TOW"" would fire on the ordinary English word ""tow"" (""tow vehicles"", ""towing""). That is the #52 false-naming defect; a three-letter English word is not seedable. The second candidate, 0204313N ""Ship-Towed Array Surveillance Systems"", is a pure substring artefact."
TOW,RTX,2,ambiguous,,0204313N,Ship-Towed Array Surveillance Systems,N,1319N,"Research, Development, Test and Evaluation, Navy",1990,1428,1103,/program/0204313N/,0,,none,nothing — no curated alias; a lone title token has not been evidence since #52,,,n,"n — DROP (no alias for this term) — 2104C59300 ""TOW 2 System Summary"" is the correct TOW line, but the mention matcher uses a case-insensitive word-boundary regex, so the alias ""TOW"" would fire on the ordinary English word ""tow"" (""tow vehicles"", ""towing""). That is the #52 false-naming defect; a three-letter English word is not seedable. The second candidate, 0204313N ""Ship-Towed Array Surveillance Systems"", is a pure substring artefact."
Excalibur,RTX,0,no_title_match,,,,,,,,,,,,,none,nothing — no curated alias and no title to match,,,n,"n — DROP (no alias for this term) — No Excalibur line in the corpus. The nearest, 3102E89500 ""ARTILLERY PROJECTILE, 155MM, All Types"", is an all-types rollup; aliasing it would attribute the whole rollup to one round."
StormBreaker,RTX,0,no_title_match,,,,,,,,,,,,,none,nothing — no curated alias and no title to match,,,n,"n — OFF-WORKSHEET PE: SDB002 — StormBreaker is the fielded name of the GBU-53/B Small Diameter Bomb II; SDB002 ""SMALL DIAMETER BOMB II"" (Missile Procurement, AF, FY2026 $307.7M) is the corpus's SDB II line."
LTAMDS,RTX,0,no_title_match,,,,,,,,,,,,,none,nothing — no curated alias and no title to match,,,ambiguous,"ambiguous — see docs/curation/roadmap-55-ratification.md. No title contains ""LTAMDS"", but two lines are the sensor: 0604114A ""Lower Tier Air Missile Defense (LTAMD) Sensor"" (Army RDT&E, FY2026 $210.4M) and 7265C12000 ""Lower Tier Air and Missile Defense (AMD)  Sen"" (Missile Procurement, Army, $1.255B). Development and buy of one sensor; neither is subordinate."
NASAMS,RTX,0,no_title_match,,,,,,,,,,,,,none,nothing — no curated alias and no title to match,,,n,n — DROP (no alias for this term) — No NASAMS or surface-to-air-missile-system line in the corpus (NASAMS is largely FMS and supplemental funded). Nothing to alias.
SPY-6,RTX,0,no_title_match,,,,,,,,,,,,,none,nothing — no curated alias and no title to match,,,n,"n — OFF-WORKSHEET PE: 0604522N — AN/SPY-6 is the type designation of the Air and Missile Defense Radar; 0604522N ""Air and Missile Defense Radar (AMDR) System"" (Navy RDT&E, FY2026 $87.9M) is the corpus's sole AMDR line."
Coyote,RTX,0,no_title_match,,,,,,,,,,,,,none,nothing — no curated alias and no title to match,,,n,"n — DROP (no alias for this term) — No Coyote line. The nearest, 0010I24000 ""COUNTER-SMALL UNMANNED AERIAL SYSTEM (C-SUAS)"" (FY2026 $693.4M), is a multi-vendor counter-UAS rollup in which Coyote is one effector among several; aliasing it would attribute the whole rollup to one product."
Paveway,RTX,0,no_title_match,,,,,,,,,,,,,none,nothing — no curated alias and no title to match,,,n,n — DROP (no alias for this term) — No Paveway or laser-guided-bomb line in the corpus. Nothing to alias.
JSOW,RTX,0,no_title_match,,,,,,,,,,,,,none,nothing — no curated alias and no title to match,,,n,"n — OFF-WORKSHEET PE: 0604727N — ""Joint Standoff Weapon Systems"" (Navy RDT&E, FY2026 $0.9M) is the literal expansion of JSOW and the corpus's sole JSOW line."
Griffin,RTX,0,no_title_match,,,,,,,,,,,,,none,nothing — no curated alias and no title to match,,,n,n — DROP (no alias for this term) — No Griffin line in the corpus. Nothing to alias.
Sidewinder,RTX,1,sole_match,,M09HAI,Sidewinder (AIM-9X),F,3020F,"Missile Procurement, Air Force",100352,,157666,/program/M09HAI/,0,,none,nothing — no curated alias; a lone title token has not been evidence since #52,YES — sole title match (verify: a title match is not a correct alias),,y,"y — sole Sidewinder line in the corpus and the missile buy itself (Missile Procurement, AF), not a mods or support-equipment line; nothing to displace."
Maverick,RTX,0,no_title_match,,,,,,,,,,,,,none,nothing — no curated alias and no title to match,,,n,n — DROP (no alias for this term) — No Maverick or AGM-65 line in the corpus. Nothing to alias.
F135,RTX (Pratt & Whitney),0,no_title_match,,,,,,,,,,,,,none,nothing — no curated alias and no title to match,,,n,n — DROP (no alias for this term) — No F135 engine line in the corpus; F135 procurement rides inside the F-35 lines and is not separately titled. Nothing to alias.
F119,RTX (Pratt & Whitney),0,no_title_match,,,,,,,,,,,,,none,nothing — no curated alias and no title to match,,,n,n — DROP (no alias for this term) — No F119 engine line in the corpus; F119 sustainment rides inside the F-22 lines and is not separately titled. Nothing to alias.
Next Generation Jammer,RTX,2,ambiguous,,0604282N,Next Generation Jammer (NGJ) Increment II,N,1319N,"Research, Development, Test and Evaluation, Navy",228256,147091,154229,/program/0604282N/,0,,none,nothing — no curated alias; a lone title token has not been evidence since #52,,,n,"n — increment-qualified subset (""Increment II""); the unqualified NGJ program element is 0604274N."
Next Generation Jammer,RTX,2,ambiguous,,0604274N,Next Generation Jammer (NGJ),N,1319N,"Research, Development, Test and Evaluation, Navy",64167,76721,39913,/program/0604274N/,0,,none,nothing — no curated alias; a lone title token has not been evidence since #52,,,y,"y — titled ""Next Generation Jammer (NGJ)"" with no increment qualifier; the sibling 0604282N is explicitly ""Increment II"", a named subset. An unqualified mention maps to the unqualified program element."
F/A-18,Boeing,2,ambiguous,matches ROADMAP,0204136N,F/A-18 Squadrons,N,1319N,"Research, Development, Test and Evaluation, Navy",369863,348286,279537,/program/0204136N/,0,,none,nothing — no curated alias; a lone title token has not been evidence since #52,,,y,"y — ""F/A-18 Squadrons"" is the Navy F/A-18 program element; the only sibling, BLI 0145, cannot be an alias target because pe_bli 0145 is shared by two different programs in dim_programs, so /program/0145/ is not one program."
F/A-18,Boeing,2,ambiguous,matches ROADMAP,0145,F/A-18E/F (Fighter) Hornet,N,1506N,"Aircraft Procurement, Navy",50607,,41329,/program/0145/,0,,none,nothing — no curated alias; a lone title token has not been evidence since #52,,,n,"n — pe_bli collision: 0145 is BOTH ""F/A-18E/F (Fighter) Hornet"" (Aircraft Procurement, Navy) and ""General Purpose Bombs"" (Procurement of Ammunition, Navy and Marine Corps). An alias here would attribute F/A-18 filings to a bomb line."
Super Hornet,Boeing,0,no_title_match,,,,,,,,,,,,,none,nothing — no curated alias and no title to match,,,n,"n — DROP (no alias for this term) — The only F/A-18E/F line is pe_bli 0145, which dim_programs shares with ""General Purpose Bombs"" (Procurement of Ammunition, Navy and Marine Corps) — /program/0145/ is not one program, so an alias there would attribute Super Hornet filings to a bomb line. Unqualified F/A-18 filings are already covered by 0204136N via the F/A-18 alias."
KC-46,Boeing,2,ambiguous,matches ROADMAP,KC046A,KC-46A MDAP,F,3010F,"Aircraft Procurement, Air Force",2818977,,2783927,/program/KC046A/,0,,none,nothing — no curated alias; a lone title token has not been evidence since #52,,,ambiguous,"ambiguous — see docs/curation/roadmap-55-ratification.md. ""KC-46A MDAP"" (Aircraft Procurement, AF, FY2026 $2.819B) and 0401221F ""KC-46A Tanker Squadrons"" (AF RDT&E, $145.4M) are the buy and the program element of one aircraft; neither is subordinate."
KC-46,Boeing,2,ambiguous,matches ROADMAP,0401221F,KC-46A Tanker Squadrons,F,3600F,"Research, Development, Test and Evaluation, Air Force",145434,77804,78704,/program/0401221F/,0,,none,nothing — no curated alias; a lone title token has not been evidence since #52,,,ambiguous,ambiguous — see docs/curation/roadmap-55-ratification.md. The AF operational-systems PE for the KC-46A; not subordinate to the procurement line.
Apache,Boeing,2,ambiguous,matches ROADMAP,0607145A,Apache Future Development,A,2040A,"Research, Development, Test and Evaluation, Army",44371,8243,44762,/program/0607145A/,0,,none,nothing — no curated alias; a lone title token has not been evidence since #52,,,y,"y — ""Apache Future Development"" (Army RDT&E, BA-07 Operational Systems Development) is the Apache program element; the sibling 5757A05111 is a Block IIIA remanufacture buy requesting $1.7M in FY2026 against $759.7M of FY2024 actuals."
Apache,Boeing,2,ambiguous,matches ROADMAP,5757A05111,AH-64 Apache Block IIIA Reman,A,,,1669,,759677,/program/5757A05111/,0,,none,nothing — no curated alias; a lone title token has not been evidence since #52,,,n,"n — Block IIIA remanufacture buy, not the Apache program element."
AH-64,Boeing,2,ambiguous,,2706AA6605,AH-64 MODS,A,2031A,"Aircraft Procurement, Army",125236,,141402,/program/2706AA6605/,0,,none,nothing — no curated alias; a lone title token has not been evidence since #52,,,n,"n — OFF-WORKSHEET PE: 0607145A — Both AH-64 candidates are derivative — 2706AA6605 ""AH-64 MODS"" and 5757A05111 ""AH-64 Apache Block IIIA Reman"". The Apache program element is 0607145A ""Apache Future Development"", whose title contains no ""AH-64""; same target as the Apache alias."
AH-64,Boeing,2,ambiguous,,5757A05111,AH-64 Apache Block IIIA Reman,A,,,1669,,759677,/program/5757A05111/,0,,none,nothing — no curated alias; a lone title token has not been evidence since #52,,,n,"n — OFF-WORKSHEET PE: 0607145A — Both AH-64 candidates are derivative — 2706AA6605 ""AH-64 MODS"" and 5757A05111 ""AH-64 Apache Block IIIA Reman"". The Apache program element is 0607145A ""Apache Future Development"", whose title contains no ""AH-64""; same target as the Apache alias."
Chinook,Boeing,2,ambiguous,,0610MH47,MH-47 Chinook,SOCOM,0300D,"Procurement, Defense-Wide",156934,,224283,/program/0610MH47/,0,,none,nothing — no curated alias; a lone title token has not been evidence since #52,,,n,"n — OFF-WORKSHEET PE: 6775A05101 — 0610MH47 is the SOCOM MH-47 variant and 0607137A is a product-improvement line. The Chinook airframe buy is 6775A05101 ""CH-47 Helicopter"" (Aircraft Procurement, Army, FY2026 $680.2M), whose title contains no ""Chinook""; same target as the CH-47 alias."
Chinook,Boeing,2,ambiguous,,0607137A,Chinook Product Improvement Program,A,2040A,"Research, Development, Test and Evaluation, Army",10859,4816,20386,/program/0607137A/,0,,none,nothing — no curated alias; a lone title token has not been evidence since #52,,,n,"n — OFF-WORKSHEET PE: 6775A05101 — 0610MH47 is the SOCOM MH-47 variant and 0607137A is a product-improvement line. The Chinook airframe buy is 6775A05101 ""CH-47 Helicopter"" (Aircraft Procurement, Army, FY2026 $680.2M), whose title contains no ""Chinook""; same target as the CH-47 alias."
CH-47,Boeing,2,ambiguous,,6775A05101,CH-47 Helicopter,A,,,680219,,442823,/program/6775A05101/,0,,none,nothing — no curated alias; a lone title token has not been evidence since #52,,,y,"y — ""CH-47 Helicopter"" (Aircraft Procurement, Army, BA-01 Aircraft) is the Chinook airframe buy; the sibling 3264AA0252 is a modification line (""CH-47 Cargo Helicopter Mods (MYP)"", FY2026 $17.7M)."
CH-47,Boeing,2,ambiguous,,3264AA0252,CH-47 Cargo Helicopter Mods (MYP),A,2031A,"Aircraft Procurement, Army",17709,,50689,/program/3264AA0252/,0,,none,nothing — no curated alias; a lone title token has not been evidence since #52,,,n,n — modification line; the Chinook airframe buy is 6775A05101.
P-8,Boeing,0,no_title_match,,,,,,,,,,,,,none,nothing — no curated alias and no title to match,,,n,"n — OFF-WORKSHEET PE: 0605500N — The P-8A Poseidon is funded as the Multi-mission Maritime Aircraft; 0605500N ""Multi-mission Maritime Aircraft (MMA)"" (Navy RDT&E, FY2026 $41.1M) is the unqualified MMA program element (0605504N is ""Increment III"", a named subset)."
Poseidon,Boeing,0,no_title_match,,,,,,,,,,,,,none,nothing — no curated alias and no title to match,,,n,"n — OFF-WORKSHEET PE: 0605500N — Poseidon is the fielded name of the P-8A, funded as the Multi-mission Maritime Aircraft; 0605500N ""Multi-mission Maritime Aircraft (MMA)"" is the unqualified MMA program element."
Harpoon,Boeing,1,sole_match,matches ROADMAP,5227,Harpoon Support Equipment,N,1810N,"Other Procurement, Navy",209,,227,/program/5227/,0,,none,nothing — no curated alias; a lone title token has not been evidence since #52,YES — sole title match (verify: a title match is not a correct alias),,n,"n — DROP (no alias for this term) — 5227 ""Harpoon Support Equipment"" (Other Procurement, Navy, FY2026 $209K) is support equipment, not the missile, and no base Harpoon line exists in the corpus. Nothing to alias."
SLAM-ER,Boeing,0,no_title_match,,,,,,,,,,,,,none,nothing — no curated alias and no title to match,,,n,n — DROP (no alias for this term) — No SLAM-ER or standoff-land-attack line in the corpus. Nothing to alias.
JDAM,Boeing,0,no_title_match,,,,,,,,,,,,,none,nothing — no curated alias and no title to match,,,n,"n — OFF-WORKSHEET PE: 353620 — ""Joint Direct Attack Munition"" (Procurement of Ammunition, AF, FY2026 $126.4M) is the literal expansion of JDAM and the corpus's sole JDAM line."
T-7A,Boeing,1,sole_match,,APT000,Advanced Pilot Training T-7A,F,,,362083,,,/program/APT000/,0,,none,nothing — no curated alias; a lone title token has not been evidence since #52,YES — sole title match (verify: a title match is not a correct alias),,y,"y — ""Advanced Pilot Training T-7A"" (Aircraft Procurement, AF) is the only line naming the T-7A and is the aircraft buy itself; its companion RDT&E PE 0605223F ""Advanced Pilot Training"" does not name the T-7A and is not a candidate here."
MQ-25,Boeing,0,no_title_match,,,,,,,,,,,,,none,nothing — no curated alias and no title to match,,,n,"n — OFF-WORKSHEET PE: 0605414N — The MQ-25 Stingray is funded as Unmanned Carrier Aviation; 0605414N ""Unmanned Carrier Aviation (UCA)"" (Navy RDT&E, FY2026 $305.5M) is the corpus's sole UCA line and already carries 92 multi_token mention rows."
E-7,Boeing,2,ambiguous,,0604007F,E-7,F,3600F,"Research, Development, Test and Evaluation, Air Force",199676,607413,849565,/program/0604007F/,0,,none,nothing — no curated alias; a lone title token has not been evidence since #52,,,y,"y — ""E-7"" (AF RDT&E, FY2026 $199.7M) is the E-7 program element; the identically-titled sibling E00700 is a procurement line whose only trajectory figure is FY2026 $0."
E-7,Boeing,2,ambiguous,,E00700,E-7,F,,,0,,,/program/E00700/,0,,none,nothing — no curated alias; a lone title token has not been evidence since #52,,,n,"n — identically titled but requests $0 in FY2026 and has no FY2024/FY2025 trajectory; between two lines with the same title, the one carrying a current request is the program."
Wedgetail,Boeing,0,no_title_match,,,,,,,,,,,,,none,nothing — no curated alias and no title to match,,,n,"n — OFF-WORKSHEET PE: 0604007F — Wedgetail is the fielded name of the E-7A; 0604007F ""E-7"" (AF RDT&E, FY2026 $199.7M) is the corpus's E-7 program element."
V-22,Bell-Boeing,5,ambiguous,,V02200,CV-22 Mods,F,3010F,"Aircraft Procurement, Air Force",179042,,153006,/program/V02200/,0,,none,nothing — no curated alias; a lone title token has not been evidence since #52,,,n,"n — CV-22 variant modification line; covered by the CV-22 alias, not V-22."
V-22,Bell-Boeing,5,ambiguous,,0604262N,V-22,N,1319N,"Research, Development, Test and Evaluation, Navy",124958,108225,144671,/program/0604262N/,0,,none,nothing — no curated alias; a lone title token has not been evidence since #52,,,y,"y — ""V-22"" (Navy RDT&E) is the only unqualified V-22 line; the other four candidates are all CV-22 variant lines (CV-22, CV-22 Mods, CV-22 Modification, CV-22 Post Production Support), which the separate CV-22 alias covers."
V-22,Bell-Boeing,5,ambiguous,,0401318F,CV-22,F,3600F,"Research, Development, Test and Evaluation, Air Force",31510,26249,16581,/program/0401318F/,0,,none,nothing — no curated alias; a lone title token has not been evidence since #52,,,n,"n — CV-22 variant program element; covered by the CV-22 alias, not V-22."
V-22,Bell-Boeing,5,ambiguous,,1000CV2200,CV-22 Modification,SOCOM,0300D,"Procurement, Defense-Wide",19692,,75981,/program/1000CV2200/,0,,none,nothing — no curated alias; a lone title token has not been evidence since #52,,,n,"n — CV-22 variant modification line; covered by the CV-22 alias, not V-22."
V-22,Bell-Boeing,5,ambiguous,,C0V220,CV-22 Post Production Support,F,,,7085,,,/program/C0V220/,0,,none,nothing — no curated alias; a lone title token has not been evidence since #52,,,n,"n — CV-22 post-production support line; covered by the CV-22 alias, not V-22."
Osprey,Bell-Boeing,0,no_title_match,,,,,,,,,,,,,none,nothing — no curated alias and no title to match,,,n,"n — OFF-WORKSHEET PE: 0604262N — Osprey is the fielded name of the V-22; 0604262N ""V-22"" (Navy RDT&E, FY2026 $125.0M) is the unqualified V-22 program element."
F-15EX,Boeing,2,ambiguous,,F015EX,F-15EX,F,,,3014394,,2739061,/program/F015EX/,0,,none,nothing — no curated alias; a lone title token has not been evidence since #52,,,ambiguous,"ambiguous — see docs/curation/roadmap-55-ratification.md. Two lines carry the IDENTICAL title ""F-15EX"": F015EX (Aircraft Procurement, AF, FY2026 $3.014B) and 0207146F (AF RDT&E, $80.4M). No title-based tiebreak exists and both carry a current request."
F-15EX,Boeing,2,ambiguous,,0207146F,F-15EX,F,3600F,"Research, Development, Test and Evaluation, Air Force",80445,56228,101996,/program/0207146F/,0,,none,nothing — no curated alias; a lone title token has not been evidence since #52,,,ambiguous,"ambiguous — see docs/curation/roadmap-55-ratification.md. Identically titled to F015EX; both carry a current request, so no title-based tiebreak exists."
B-52,Boeing,2,ambiguous,,0101113F,B-52 Squadrons,F,3600F,"Research, Development, Test and Evaluation, Air Force",931164,1051116,880341,/program/0101113F/,0,,none,nothing — no curated alias; a lone title token has not been evidence since #52,,,ambiguous,"ambiguous — see docs/curation/roadmap-55-ratification.md. ""B-52 Squadrons"" (AF RDT&E, FY2026 $931.2M) and B05200 ""B-52"" (Aircraft Procurement, AF, $223.9M) are the program element and the buy of one aircraft; neither is subordinate."
B-52,Boeing,2,ambiguous,,B05200,B-52,F,3010F,"Aircraft Procurement, Air Force",223938,,26936,/program/B05200/,0,,none,nothing — no curated alias; a lone title token has not been evidence since #52,,,ambiguous,ambiguous — see docs/curation/roadmap-55-ratification.md. The unqualified B-52 procurement line; not subordinate to the squadrons PE.
C-17,Boeing,2,ambiguous,,0401130F,C-17 Aircraft (IF),F,3600F,"Research, Development, Test and Evaluation, Air Force",80924,11986,2702,/program/0401130F/,0,,none,nothing — no curated alias; a lone title token has not been evidence since #52,,,ambiguous,"ambiguous — see docs/curation/roadmap-55-ratification.md. ""C-17 Aircraft (IF)"" (AF RDT&E, FY2026 $80.9M) and C01700 ""C-17A"" (Aircraft Procurement, AF, $77.2M) are within $4M of one another and neither is subordinate."
C-17,Boeing,2,ambiguous,,C01700,C-17A,F,3010F,"Aircraft Procurement, Air Force",77249,,120710,/program/C01700/,0,,none,nothing — no curated alias; a lone title token has not been evidence since #52,,,ambiguous,ambiguous — see docs/curation/roadmap-55-ratification.md. The C-17A procurement line; within $4M of the RDT&E PE and not subordinate to it.
Small Diameter Bomb,Boeing,4,ambiguous,,SDB002,SMALL DIAMETER BOMB II,F,3020F,"Missile Procurement, Air Force",307743,,291553,/program/SDB002/,0,,none,nothing — no curated alias; a lone title token has not been evidence since #52,,,n,"n — ""SMALL DIAMETER BOMB II"" is the GBU-53/B, a distinct weapon from the baseline SDB; it is the target of the separate StormBreaker resolution, not of the unqualified term."
Small Diameter Bomb,Boeing,4,ambiguous,,SDB000,Small Diameter Bomb,F,3020F,"Missile Procurement, Air Force",41510,,56174,/program/SDB000/,0,,none,nothing — no curated alias; a lone title token has not been evidence since #52,,,ambiguous,"ambiguous — see docs/curation/roadmap-55-ratification.md. The unqualified term spans three non-subordinate lines: SDB000 (Missile Procurement, AF, FY2026 $41.5M), 0207327F (AF RDT&E, $24.8M) and 0604329N (Navy RDT&E, $23.8M) — one weapon, two services."
Small Diameter Bomb,Boeing,4,ambiguous,,0207327F,Small Diameter Bomb (SDB),F,3600F,"Research, Development, Test and Evaluation, Air Force",24810,29910,42860,/program/0207327F/,0,,none,nothing — no curated alias; a lone title token has not been evidence since #52,,,ambiguous,ambiguous — see docs/curation/roadmap-55-ratification.md. AF development share of the baseline SDB; not subordinate to the procurement line.
Small Diameter Bomb,Boeing,4,ambiguous,,0604329N,Small Diameter Bomb (SDB),N,1319N,"Research, Development, Test and Evaluation, Navy",23836,19744,50208,/program/0604329N/,0,,none,nothing — no curated alias; a lone title token has not been evidence since #52,,,ambiguous,ambiguous — see docs/curation/roadmap-55-ratification.md. Navy development share of the baseline SDB; not subordinate to the procurement line.
Sentinel,Northrop Grumman,1,sole_match,matches ROADMAP,0125WK5057,Sentinel Mods,A,2035A,"Other Procurement, Army",462010,,161886,/program/0125WK5057/,0,,none,nothing — no curated alias; a lone title token has not been evidence since #52,YES — sole title match (verify: a title match is not a correct alias),,n,"n — OFF-WORKSHEET PE: 0605238F — 0125WK5057 ""Sentinel Mods"" is Other Procurement, Army BA-02 ""Communications and Electronics Equipment"" — that is the AN/MPQ-64 Sentinel air-defence RADAR, a different system that merely shares the name; the corpus proves this without outside knowledge. The LGM-35A Sentinel ICBM is the renamed Ground Based Strategic Deterrent: 0605238F ""Ground Based Strategic Deterrent EMD"" (AF RDT&E, FY2026 $4.148B)."
GBSD,Northrop Grumman,0,no_title_match,,,,,,,,,,,,,none,nothing — no curated alias and no title to match,,,n,"n — OFF-WORKSHEET PE: 0605238F — GBSD is the pre-2022 name of the LGM-35A Sentinel; 0605238F ""Ground Based Strategic Deterrent EMD"" (AF RDT&E, FY2026 $4.148B) is the program element. The procurement line MGBSD0 ""Ground Based Strategic Deterrent"" requests $0 in FY2026."
B-21,Northrop Grumman,1,sole_match,,B02100,B-21 Raider,F,,,5551242,,2270693,/program/B02100/,0,,none,nothing — no curated alias; a lone title token has not been evidence since #52,YES — sole title match (verify: a title match is not a correct alias),,y,"y — ""B-21 Raider"" (Aircraft Procurement, AF, FY2026 $5.551B) is the sole B-21 line in the corpus and names the aircraft itself, not a mods or support line."
Global Hawk,Northrop Grumman,0,no_title_match,,,,,,,,,,,,,none,nothing — no curated alias and no title to match,,,n,"n — OFF-WORKSHEET PE: 0305220F — Global Hawk is the RQ-4; 0305220F ""RQ-4 UAV"" (AF RDT&E) is the corpus's sole RQ-4 line. It carries no FY2026 request (FY2025 $6.2M, FY2024 $1.2M) — the program's actual state, not a defect."
Triton,Northrop Grumman,2,ambiguous,,0305421N,MQ-4C Triton Modernization,N,1319N,"Research, Development, Test and Evaluation, Navy",361943,444042,217978,/program/0305421N/,0,,none,nothing — no curated alias; a lone title token has not been evidence since #52,,,n,n — activity-qualified modernization PE; the Triton program element is 0305220N.
Triton,Northrop Grumman,2,ambiguous,,0305220N,MQ-4C Triton,N,1319N,"Research, Development, Test and Evaluation, Navy",14421,14402,12094,/program/0305220N/,0,,none,nothing — no curated alias; a lone title token has not been evidence since #52,,,y,"y — ""MQ-4C Triton"" is the unqualified Triton program element; the sibling 0305421N is explicitly ""Modernization"". Note the magnitude inversion: modernization carries FY2026 $361.9M against the base PE's $14.4M — identity, not size, decides the alias."
E-2D,Northrop Grumman,0,no_title_match,,,,,,,,,,,,,none,nothing — no curated alias and no title to match,,,n,"n — OFF-WORKSHEET PE: 0604234N — The E-2D is the Advanced Hawkeye; 0604234N ""Advanced Hawkeye"" (Navy RDT&E, FY2026 $350.3M) is the corpus's sole Hawkeye line."
IBCS,Northrop Grumman,0,no_title_match,,,,,,,,,,,,,none,nothing — no curated alias and no title to match,,,n,"n — OFF-WORKSHEET PE: 9280BZ5075 — IBCS expands to IAMD Battle Command System; 9280BZ5075 ""IAMD Battle Command System"" (Other Procurement, Army, FY2026 $546.5M) is that literal expansion. Its development companion 0605457A ""Army Integrated Air and Missile Defense (AIAMD)"" is the broader AIAMD program, not IBCS itself."
AARGM,Northrop Grumman,0,no_title_match,,,,,,,,,,,,,none,nothing — no curated alias and no title to match,,,n,"n — OFF-WORKSHEET PE: 0205601N — AARGM is the Advanced Anti-Radiation Guided Missile; 0205601N ""Anti-Radiation Missile Improvement"" (Navy RDT&E, FY2026 $33.7M, 23 multi_token mention rows) is the corpus's sole anti-radiation missile line."
Hellfire,Lockheed Martin,3,ambiguous,matches ROADMAP,PRDTA2,Predator Hellfire Missile,F,3020F,"Missile Procurement, Air Force",,,1049,/program/PRDTA2/,0,,none,nothing — no curated alias; a lone title token has not been evidence since #52,,,n,"n — Predator-specific Hellfire buy (FY2024 actual $1.049M), not the Hellfire program."
Hellfire,Lockheed Martin,3,ambiguous,matches ROADMAP,9157J01200,Launcher Guided Missile: Longbow Hellfire XM2,A,,,,,,/program/9157J01200/,4,multi_token=4,none,nothing — no curated alias; a lone title token has not been evidence since #52,,,n,"n — a launcher BLI (""Launcher Guided Missile: Longbow Hellfire XM2""), not the missile program."
Hellfire,Lockheed Martin,3,ambiguous,matches ROADMAP,1338C70000,Hellfire Sys Summary,A,2032A,"Missile Procurement, Army",,,21976,/program/1338C70000/,0,,none,nothing — no curated alias; a lone title token has not been evidence since #52,,,y,"y — ""Hellfire Sys Summary"" (Missile Procurement, Army, BA-02 Other missiles) is the only system-level Hellfire line; the siblings are a launcher BLI (9157J01200) and a Predator-specific missile buy (PRDTA2). No Hellfire line in the corpus carries an FY2025 or FY2026 request — FY2024 actual $21.976M — which is the program's state, not a defect."
PAC-3,Lockheed Martin,0,no_title_match,,,,,,,,,,,,,none,nothing — no curated alias and no title to match,,,ambiguous,"ambiguous — see docs/curation/roadmap-55-ratification.md. No title contains ""PAC-3"". The likely target is 8260C53101 ""MSE Missile"" (Missile Procurement, Army, FY2026 $1.312B) — MSE is the PAC-3 Missile Segment Enhancement — but the corpus never writes ""PAC-3"", so the identification rests on the acronym alone."
JASSM,Lockheed Martin,1,sole_match,,0207325F,Joint Air-to-Surface Standoff Missile (JASSM),F,3600F,"Research, Development, Test and Evaluation, Air Force",232252,181692,129314,/program/0207325F/,3,multi_token=3,0603000D8Z,alias -> 0603000D8Z,YES — sole title match (verify: a title match is not a correct alias),SEEDED ALIAS POINTS AT A DIFFERENT PE — re-check,y,"y — ""Joint Air-to-Surface Standoff Missile (JASSM)"" (AF RDT&E) is the JASSM program element. CORRECTS THE LIVE DEFECT: the alias currently points at 0603000D8Z ""Joint Munitions Advanced Technology"" (OSD), a defence-wide munitions S&T line that is not JASSM, and carries 10 live alias mention rows. Companion procurement line JASSM0 ""Joint Air-Surface Standoff Missile"" (Missile Procurement, AF, FY2026 $818.1M) spells the name out and so is absent from this worksheet's substring candidate set — see the ratification doc."
HIMARS,Lockheed Martin,2,ambiguous,,6200C02901,High Mobility Artillery Rocket System (HIMARS,A,2032A,"Missile Procurement, Army",61503,,187972,/program/6200C02901/,0,,none,nothing — no curated alias; a lone title token has not been evidence since #52,,,y,"y — ""High Mobility Artillery Rocket System (HIMARS"" is the HIMARS launcher buy; the sibling 6580C67501 is ""HIMARS Modifications""."
HIMARS,Lockheed Martin,2,ambiguous,,6580C67501,HIMARS Modifications,A,2032A,"Missile Procurement, Army",54005,,76266,/program/6580C67501/,0,,none,nothing — no curated alias; a lone title token has not been evidence since #52,,,n,n — modification line; the HIMARS buy is 6200C02901.
GMLRS,Lockheed Martin,2,ambiguous,,6005C64400,Guided MLRS Rocket (GMLRS),A,,,1168227,,1398086,/program/6005C64400/,0,,none,nothing — no curated alias; a lone title token has not been evidence since #52,,,ambiguous,"ambiguous — see docs/curation/roadmap-55-ratification.md. ""Guided MLRS Rocket (GMLRS)"" (Missile Procurement, Army, FY2026 $1.168B) and 0205778A ""Guided Multiple-Launch Rocket System (GMLRS)"" (Army RDT&E, $33.3M, 8 multi_token mention rows) are the buy and the development of one program; neither is subordinate."
GMLRS,Lockheed Martin,2,ambiguous,,0205778A,Guided Multiple-Launch Rocket System (GMLRS),A,2040A,"Research, Development, Test and Evaluation, Army",33307,20590,70808,/program/0205778A/,8,multi_token=8,none,nothing — no curated alias; a lone title token has not been evidence since #52,,,ambiguous,ambiguous — see docs/curation/roadmap-55-ratification.md. Army RDT&E half of GMLRS; already carries 8 multi_token mention rows.
Trident,Lockheed Martin,0,no_title_match,,,,,,,,,,,,,none,nothing — no curated alias and no title to match,,,n,"n — DROP (no alias for this term) — No Trident line in the corpus; 0101221N ""Strategic Sub & Weapons System Support"" is a support PE, not the Trident II missile. Nothing to alias."
C-130J,Lockheed Martin — SEEDED,5,ambiguous,,2012C130J,AC/MC-130J,SOCOM,0300D,"Procurement, Defense-Wide",236312,,312921,/program/2012C130J/,17,alias=17,2012C130J,alias -> 2012C130J,,,ambiguous,"ambiguous — see docs/curation/roadmap-55-ratification.md. The PE the current seed points at: ""AC/MC-130J"", the SOCOM gunship and special-operations variants, not the baseline C-130J. Carries 17 live alias mention rows."
C-130J,Lockheed Martin — SEEDED,5,ambiguous,,C1300J,C-130J Mods,F,3010F,"Aircraft Procurement, Air Force",214234,,102258,/program/C1300J/,0,,2012C130J,alias -> 2012C130J,,SEEDED ALIAS POINTS AT A DIFFERENT PE — re-check,n,"n — ""C-130J Mods""; modification line."
C-130J,Lockheed Martin — SEEDED,5,ambiguous,,0401132F,C-130J Program,F,3600F,"Research, Development, Test and Evaluation, Air Force",31354,63533,21469,/program/0401132F/,0,,2012C130J,alias -> 2012C130J,,SEEDED ALIAS POINTS AT A DIFFERENT PE — re-check,ambiguous,"ambiguous — see docs/curation/roadmap-55-ratification.md. ""C-130J Program"" (AF RDT&E, FY2026 $31.4M) is the unqualified baseline line with a current request; C130J0 ""C-130J"" (Aircraft Procurement, AF) is unqualified but has no FY2025/FY2026 trajectory; the current seed 2012C130J is ""AC/MC-130J"", the SOCOM gunship and special-operations variants, and carries 17 live alias mention rows that a re-seed would move."
C-130J,Lockheed Martin — SEEDED,5,ambiguous,,C130J0,C-130J,F,3010F,"Aircraft Procurement, Air Force",,,1153521,/program/C130J0/,0,,2012C130J,alias -> 2012C130J,,SEEDED ALIAS POINTS AT A DIFFERENT PE — re-check,ambiguous,"ambiguous — see docs/curation/roadmap-55-ratification.md. Unqualified ""C-130J"" procurement line, but no FY2025 or FY2026 trajectory (FY2024 actual $1.154B)."
C-130J,Lockheed Martin — SEEDED,5,ambiguous,,C130JM,MC-130J,F,3010F,"Aircraft Procurement, Air Force",,,10117,/program/C130JM/,0,,2012C130J,alias -> 2012C130J,,SEEDED ALIAS POINTS AT A DIFFERENT PE — re-check,n,"n — ""MC-130J"", a variant-qualified line with no FY2025 or FY2026 trajectory."
JADC2,n/a — SEEDED,1,sole_match,,0604122D8Z,JADC2 Development and Experimentation Activities,OSD,0400D,"Research, Development, Test and Evaluation, Defense-Wide",297801,301320,359077,/program/0604122D8Z/,21,alias=21,0604122D8Z,alias -> 0604122D8Z,YES — sole title match (verify: a title match is not a correct alias),,y,"y — ""JADC2 Development and Experimentation Activities"" is the sole JADC2 line in the corpus and carries the acronym in its own title. Ratifies the existing seed (21 live alias mention rows)."
C2BMC,Lockheed Martin — SEEDED,1,sole_match,,0603896C,"Ballistic Missile Defense Command and Control, Battle Management and Communications (C2BMC)",MDA,0400D,"Research, Development, Test and Evaluation, Defense-Wide",1067183,551810,540198,/program/0603896C/,48,multi_token=48,0603896C,alias -> 0603896C,YES — sole title match (verify: a title match is not a correct alias),,y,"y — C2BMC expands exactly to this title (""Ballistic Missile Defense Command and Control, Battle Management and Communications""); sole match. Ratifies the existing seed."
THAAD,Lockheed Martin — SEEDED,1,sole_match,,MD07,THAAD,MDA,0300D,"Procurement, Defense-Wide",840125,,216782,/program/MD07/,0,,MD07,alias -> MD07,YES — sole title match (verify: a title match is not a correct alias),,y,"y — ""THAAD"" (Procurement, Defense-Wide, MDA, FY2026 $840.1M) is the sole THAAD line in the corpus and carries the acronym as its whole title. Ratifies the existing seed."
Aegis,Lockheed Martin — SEEDED,5,ambiguous,,0603892C,AEGIS BMD,MDA,0400D,"Research, Development, Test and Evaluation, Defense-Wide",994440,649255,601051,/program/0603892C/,0,,MD09,alias -> MD09,,SEEDED ALIAS POINTS AT A DIFFERENT PE — re-check,y,"y — ""AEGIS BMD"" (MDA RDT&E, FY2026 $994.4M) is the live Aegis BMD line. CORRECTS THE LIVE SEED, which points at MD09 — identically titled ""Aegis BMD"" but a procurement line with no FY2025 or FY2026 trajectory (FY2024 actual $601.5M). Between two lines sharing a title, the one carrying a current request is the program. MD09 produces zero alias mention rows today, so the change costs nothing."
Aegis,Lockheed Martin — SEEDED,5,ambiguous,,0604878C,Aegis BMD Test,MDA,0400D,"Research, Development, Test and Evaluation, Defense-Wide",153618,115553,186380,/program/0604878C/,0,,MD09,alias -> MD09,,SEEDED ALIAS POINTS AT A DIFFERENT PE — re-check,n,"n — activity-qualified test PE (""Aegis BMD Test"")."
Aegis,Lockheed Martin — SEEDED,5,ambiguous,,MD90,Aegis BMD Hardware and Software,MDA,0300D,"Procurement, Defense-Wide",17211,,27825,/program/MD90/,0,,MD09,alias -> MD09,,SEEDED ALIAS POINTS AT A DIFFERENT PE — re-check,n,"n — activity-qualified procurement line (""Aegis BMD Hardware and Software"", FY2026 $17.2M)."
Aegis,Lockheed Martin — SEEDED,5,ambiguous,,MD73,Aegis Ashore Phase III,MDA,0300D,"Procurement, Defense-Wide",,,2390,/program/MD73/,0,,MD09,alias -> MD09,,SEEDED ALIAS POINTS AT A DIFFERENT PE — re-check,n,"n — ""Aegis Ashore Phase III"", a variant-and-phase-qualified line with no FY2025 or FY2026 trajectory."
Aegis,Lockheed Martin — SEEDED,5,ambiguous,,MD09,Aegis BMD,MDA,0300D,"Procurement, Defense-Wide",,,601506,/program/MD09/,0,,MD09,alias -> MD09,,,n,n — the PE the current seed points at; no FY2025 or FY2026 trajectory. Superseded by the identically-titled 0603892C.
Iron Dome,RTX/Rafael — SEEDED,1,sole_match,,MD83,Iron Dome,MDA,0300D,"Procurement, Defense-Wide",60000,,3080000,/program/MD83/,5,alias=5,MD83,alias -> MD83,YES — sole title match (verify: a title match is not a correct alias),,y,"y — ""Iron Dome"" (Procurement, Defense-Wide, MDA) is the sole Iron Dome line and carries the name as its whole title. Ratifies the existing seed (5 live alias mention rows)."
GBI,Boeing — SEEDED,0,no_title_match,,,,,,,,,,,,,MD08,nothing — no curated alias and no title to match,,,n,"n — OFF-WORKSHEET PE: MD08 — GBI is the Ground Based Interceptor, bought under Ground Based Midcourse; MD08 ""Ground Based Midcourse"" (MDA) is the existing seed and is defensible — KEEP. Two cautions: MD08 has NO row in fct_budget_trajectory (no FY2024-FY2026 figures at all), and this row's resolves_today is wrong — it reads ""no curated alias"" while the seed does carry GBI -> MD08."
SBX,Boeing/Raytheon — SEEDED,1,sole_match,,0603907C,Sea Based X-Band Radar (SBX),MDA,0400D,"Research, Development, Test and Evaluation, Defense-Wide",166813,197339,174993,/program/0603907C/,0,,0603907C,alias -> 0603907C,YES — sole title match (verify: a title match is not a correct alias),,y,"y — ""Sea Based X-Band Radar (SBX)"" carries the acronym in its own title; sole match. Ratifies the existing seed."
MQ-9,General Atomics — SEEDED,4,ambiguous,,PRDTB2,MQ-9 Mods,F,3010F,"Aircraft Procurement, Air Force",100923,,107643,/program/PRDTB2/,0,,1108MQ9,alias -> 1108MQ9,,SEEDED ALIAS POINTS AT A DIFFERENT PE — re-check,n,"n — ""MQ-9 Mods""; modification line."
MQ-9,General Atomics — SEEDED,4,ambiguous,,0205219F,MQ-9 UAV,F,3600F,"Research, Development, Test and Evaluation, Air Force",26689,7074,82393,/program/0205219F/,0,,1108MQ9,alias -> 1108MQ9,,SEEDED ALIAS POINTS AT A DIFFERENT PE — re-check,ambiguous,"ambiguous — see docs/curation/roadmap-55-ratification.md. Two components fund unqualified MQ-9 lines within $2M of each other: 0205219F ""MQ-9 UAV"" (AF RDT&E, FY2026 $26.7M) and 1108MQ9 ""MQ-9 Unmanned Aerial Vehicle"" (SOCOM procurement, $24.9M, the current seed). The Air Force is the lead component; SOCOM buys its own."
MQ-9,General Atomics — SEEDED,4,ambiguous,,1108MQ9,MQ-9 Unmanned Aerial Vehicle,SOCOM,0300D,"Procurement, Defense-Wide",24880,,17684,/program/1108MQ9/,58,multi_token=58,1108MQ9,alias -> 1108MQ9,,,ambiguous,"ambiguous — see docs/curation/roadmap-55-ratification.md. The PE the current seed points at (SOCOM procurement, FY2026 $24.9M; its 58 mention rows are multi_token, not alias, so the seed itself is inert today)."
MQ-9,General Atomics — SEEDED,4,ambiguous,,1105219BB,MQ-9 UAV,SOCOM,0400D,"Research, Development, Test and Evaluation, Defense-Wide",,34851,90831,/program/1105219BB/,0,,1108MQ9,alias -> 1108MQ9,,SEEDED ALIAS POINTS AT A DIFFERENT PE — re-check,n,"n — ""MQ-9 UAV"" (SOCOM RDT&E) with no FY2026 trajectory; superseded within SOCOM by 1108MQ9."
CV-22,Bell-Boeing — SEEDED,4,ambiguous,,V02200,CV-22 Mods,F,3010F,"Aircraft Procurement, Air Force",179042,,153006,/program/V02200/,0,,1000CV2200,alias -> 1000CV2200,,SEEDED ALIAS POINTS AT A DIFFERENT PE — re-check,n,"n — modification line, not the CV-22 program element."
CV-22,Bell-Boeing — SEEDED,4,ambiguous,,0401318F,CV-22,F,3600F,"Research, Development, Test and Evaluation, Air Force",31510,26249,16581,/program/0401318F/,0,,1000CV2200,alias -> 1000CV2200,,SEEDED ALIAS POINTS AT A DIFFERENT PE — re-check,y,"y — ""CV-22"" (AF RDT&E) is the only unqualified CV-22 line; the other three are all activity-qualified (V02200 ""CV-22 Mods"", 1000CV2200 ""CV-22 Modification"", C0V220 ""CV-22 Post Production Support""). CORRECTS THE LIVE SEED, which points at 1000CV2200, a modification line."
CV-22,Bell-Boeing — SEEDED,4,ambiguous,,1000CV2200,CV-22 Modification,SOCOM,0300D,"Procurement, Defense-Wide",19692,,75981,/program/1000CV2200/,0,,1000CV2200,alias -> 1000CV2200,,,n,"n — modification line, not the CV-22 program element; this is the PE the current seed points at."
CV-22,Bell-Boeing — SEEDED,4,ambiguous,,C0V220,CV-22 Post Production Support,F,,,7085,,,/program/C0V220/,0,,1000CV2200,alias -> 1000CV2200,,SEEDED ALIAS POINTS AT A DIFFERENT PE — re-check,n,"n — post-production support line, not the CV-22 program element."
F-35,Lockheed Martin — SEEDED,6,ambiguous,,ATA000,F-35,F,,,4086744,,5565655,/program/ATA000/,60,alias=60,ATA000,alias -> ATA000,,,y,"y — ""F-35"" (Aircraft Procurement, AF, FY2026 $4.087B) is the only unqualified F-35 line; the five siblings are all activity-qualified (three service splits of ""F-35 C2D2"", ""F-35 Modifications"", ""F-35 Squadrons""). RATIFIES the existing seed — of the five families flagged as routing many PEs to one page, this one is the right call already (60 live alias mention rows)."
F-35,Lockheed Martin — SEEDED,6,ambiguous,,0604840F,F-35 C2D2,F,3600F,"Research, Development, Test and Evaluation, Air Force",1182094,1134207,1236710,/program/0604840F/,0,,ATA000,alias -> ATA000,,SEEDED ALIAS POINTS AT A DIFFERENT PE — re-check,n,"n — ""F-35 C2D2"" is the Continuous Capability Development and Delivery activity, AF share; qualified sub-activity of the F-35 program."
F-35,Lockheed Martin — SEEDED,6,ambiguous,,0604840M,F-35 C2D2,N,1319N,"Research, Development, Test and Evaluation, Navy",494034,480759,462241,/program/0604840M/,0,,ATA000,alias -> ATA000,,SEEDED ALIAS POINTS AT A DIFFERENT PE — re-check,n,"n — ""F-35 C2D2"", Marine Corps share; qualified sub-activity."
F-35,Lockheed Martin — SEEDED,6,ambiguous,,0604840N,F-35 C2D2,N,1319N,"Research, Development, Test and Evaluation, Navy",475710,466186,482795,/program/0604840N/,0,,ATA000,alias -> ATA000,,SEEDED ALIAS POINTS AT A DIFFERENT PE — re-check,n,"n — ""F-35 C2D2"", Navy share; qualified sub-activity."
F-35,Lockheed Martin — SEEDED,6,ambiguous,,F03500,F-35 Modifications,F,3010F,"Aircraft Procurement, Air Force",380337,,329387,/program/F03500/,0,,ATA000,alias -> ATA000,,SEEDED ALIAS POINTS AT A DIFFERENT PE — re-check,n,"n — ""F-35 Modifications""; modification line."
F-35,Lockheed Martin — SEEDED,6,ambiguous,,0207142F,F-35 Squadrons,F,3600F,"Research, Development, Test and Evaluation, Air Force",48446,47132,88991,/program/0207142F/,0,,ATA000,alias -> ATA000,,SEEDED ALIAS POINTS AT A DIFFERENT PE — re-check,n,"n — ""F-35 Squadrons"" (FY2026 $48.4M); the operational-squadrons PE, subordinate to the $4.087B airframe buy."
JSF,Lockheed Martin — SEEDED,0,no_title_match,,,,,,,,,,,,,ATA000,nothing — no curated alias and no title to match,,,n,"n — OFF-WORKSHEET PE: ATA000 — JSF is the pre-2006 name of the F-35; ATA000 ""F-35"" is the F-35 procurement line. This is the existing seed and it is correct — KEEP. Note this row's resolves_today is wrong: it reads ""no curated alias"" while the seed does carry JSF -> ATA000."
